{"stats":{"minecraft:picked_up":{"minecolonies:supplycampdeployer":1,"minecraft:iron_chestplate":2,"minecraft:crafting_table":3,"minecraft:wheat":2,"minecraft:allium":5,"minecraft:redstone_block":2,"iceandfire:copper_ore":6,"minecraft:wooden_pickaxe":1,"minecraft:oak_stairs":8,"minecraft:brewing_stand":1,"minecraft:shield":3,"vampirism:holy_water_bottle_normal":1,"minecraft:string":57,"vampirism:obi_belt":2,"minecraft:diamond_leggings":2,"minecraft:cobbled_deepslate":407,"minecraft:beef":42,"minecraft:poppy":5,"draconicevolution:draconium_dust":46,"minecraft:lectern":31,"minecraft:sugar_cane":106,"minecraft:chest":1,"iceandfire:dragonbone":25,"minecraft:furnace":2,"minecraft:egg":4,"immersiveengineering:shader_bag_epic":1,"vampirism:holy_salt":17,"minecraft:stick":119,"minecraft:raw_iron":72,"minecraft:oak_door":2,"minecraft:composter":3,"minecraft:torch":55,"iceandfire:silver_ore":2,"minecraft:porkchop":7,"vampirism:holy_water_bottle_enhanced":2,"minecolonies:blockhutfield":1,"minecraft:diorite":33,"vampirism:vampire_fang":1,"minecraft:redstone":222,"iceandfire:dragon_skull_ice":1,"minecraft:arrow":3,"indreb:raw_lead":8,"vampirism:blood_bottle":5,"minecraft:rotten_flesh":34,"ae2:certus_quartz_dust":26,"farmersdelight:onion":6,"minecraft:hay_block":22,"minecraft:white_terracotta":2,"minecraft:glow_berries":4,"minecraft:mutton":8,"minecraft:iron_bars":5,"vampirism:heart_seeker_enhanced":1,"minecraft:rail":8,"minecraft:white_wool":6,"minecraft:cobblestone":360,"minecraft:stripped_oak_log":4,"vampirism:vampire_blood_bottle":5,"minecraft:andesite":25,"minecraft:leather":24,"minecraft:flint":18,"minecraft:tuff":72,"minecraft:oak_log":99,"minecraft:yellow_bed":1,"botania:magenta_mushroom":3,"minecraft:lapis_lazuli":92,"minecraft:map":1,"minecraft:dirt":2,"minecraft:bone":10,"vampirism:human_heart":12,"minecraft:apple":7,"minecraft:bow":1,"minecraft:wheat_seeds":11,"minecraft:raw_gold":22,"vampirism:item_garlic":1,"minecraft:iron_ingot":24,"minecraft:stone_pickaxe":1,"minecraft:fletching_table":7,"minecraft:glass_bottle":1,"minecraft:iron_sword":2,"minecraft:oak_planks":49,"minecraft:book":12,"minecraft:oak_slab":6,"immersiveengineering:raw_uranium":8,"vampirism:ring":2,"minecraft:gravel":29,"minecraft:sand":37,"minecraft:white_bed":2,"minecraft:dark_oak_log":26,"minecraft:spider_eye":6,"immersiveengineering:seed":16,"minecraft:diamond":26,"minecraft:stone_axe":4,"minecraft:granite":26,"minecraft:chainmail_helmet":1,"minecraft:bread":63,"minecraft:emerald":5,"minecraft:oak_sapling":6,"minecraft:coal":40,"minecraft:ender_pearl":4,"immersiveengineering:raw_silver":6,"minecraft:diamond_pickaxe":2},"minecraft:broken":{"minecraft:stone_pickaxe":1,"minecraft:iron_pickaxe":1},"minecraft:used":{"minecraft:chest":3,"minecraft:shield":49,"minecraft:iron_sword":238,"minecraft:torch":158,"minecraft:dirt":1,"minecraft:iron_axe":65,"minecraft:beef":1,"minecraft:oak_sapling":1,"minecraft:furnace":4,"minecraft:potato":3,"vampirism:coffin":1,"vampirism:altar_inspiration":1,"minecraft:stone_pickaxe":256,"minecraft:oak_planks":13,"minecraft:wooden_pickaxe":19,"vampirism:human_heart":12,"minecraft:fletching_table":8,"minecraft:golden_apple":2,"minecraft:crafting_table":10,"minecraft:white_bed":3,"minecraft:diamond_pickaxe":327,"minecraft:iron_pickaxe":480,"minecraft:bread":13,"minecraft:lectern":32,"minecraft:stone_axe":121,"minecraft:diamond_sword":726,"minecraft:cobblestone":174,"minecraft:yellow_bed":1},"minecraft:mined":{"minecraft:diamond_ore":1,"minecraft:tuff":79,"minecraft:white_bed":2,"iceandfire:silver_ore":1,"minecraft:deepslate_diamond_ore":17,"minecraft:oak_door":2,"minecraft:cobblestone_stairs":1,"minecraft:dark_oak_log":16,"minecraft:brewing_stand":1,"minecraft:granite":26,"minecraft:grass_block":1,"draconicevolution:deepslate_draconium_ore":8,"minecraft:composter":5,"minecraft:spawner":13,"immersiveengineering:deepslate_ore_uranium":7,"minecraft:hay_block":22,"farmersdelight:wild_onions":3,"minecraft:redstone_ore":4,"minecraft:furnace":1,"iceandfire:copper_ore":6,"minecraft:iron_ore":36,"minecraft:andesite":25,"immersiveengineering:deepslate_ore_silver":3,"minecraft:deepslate_lapis_ore":5,"minecraft:fletching_table":7,"minecraft:bookshelf":4,"minecraft:deepslate_iron_ore":11,"minecraft:water_cauldron":3,"minecraft:oak_stairs":6,"minecraft:iron_bars":5,"minecraft:stripped_oak_log":4,"minecraft:stone":233,"ae2:quartz_ore":1,"minecraft:deepslate_redstone_ore":20,"minecraft:redstone_block":2,"minecraft:glass_pane":1,"minecraft:quartz_block":7,"minecraft:crafting_table":3,"indreb:lead_ore":4,"minecraft:chest":1,"minecraft:lectern":31,"minecraft:tall_grass":39,"minecraft:cobblestone":23,"minecraft:deepslate_gold_ore":9,"minecraft:lapis_ore":3,"minecraft:oak_planks":7,"minecraft:sugar_cane":40,"minecraft:diorite":30,"minecraft:wall_torch":10,"minecraft:white_terracotta":1,"domum_ornamentum:blockbarreldeco_standing":1,"minecraft:wheat":1,"minecraft:yellow_bed":1,"minecraft:grass":111,"minecraft:oak_log":99,"minecraft:coal_ore":40,"minecraft:gravel":32,"minecraft:sand":36,"minecolonies:blockhutfield":1,"minecraft:cobweb":16,"ae2:deepslate_quartz_ore":2,"minecraft:gold_ore":2,"minecraft:oak_leaves":1,"minecraft:deepslate":401},"minecraft:crafted":{"minecraft:oak_planks":412,"minecraft:furnace":3,"vampirism:coffin":1,"minecraft:bookshelf":4,"minecraft:glass":36,"minecraft:diamond_helmet":1,"minecraft:diamond_leggings":1,"minecraft:iron_axe":1,"vampirism:altar_inspiration":1,"vampirism:blood_bottle":24,"minecraft:stone_pickaxe":2,"minecraft:chest":2,"minecraft:dark_oak_planks":48,"minecraft:wheat":198,"minecraft:glass_bottle":3,"minecraft:oak_slab":12,"minecraft:diamond_sword":1,"minecraft:emerald":14,"minecraft:crafting_table":7,"minecraft:wooden_pickaxe":1,"minecraft:iron_sword":1,"minecraft:fletching_table":2,"minecraft:stone_axe":1,"minecraft:bread":66,"minecraft:air":0,"minecraft:lectern":1,"minecraft:iron_chestplate":1,"minecraft:white_wool":3,"minecraft:book":20,"minecraft:paper":87,"minecraft:diamond_pickaxe":1,"minecraft:shield":1,"minecraft:stick":476,"minecraft:iron_ingot":22,"minecraft:iron_pickaxe":2,"minecraft:white_bed":1,"minecraft:torch":156,"draconicevolution:draconium_ingot":23},"minecraft:killed":{"vampirism:vampire":1,"vampirism:advanced_vampire":2,"vampirism:converted_creature":2,"minecraft:spider":34,"minecraft:skeleton":7,"minecraft:horse":5,"vampirism:blinding_bat":1,"vampirism:advanced_hunter":8,"minecraft:pig":2,"minecraft:bat":1,"minecraft:iron_golem":3,"minecraft:creeper":1,"vampirism:hunter":42,"minecraft:sheep":4,"minecraft:zombie":35,"minecraft:stray":3,"minecraft:wither_skeleton":1,"minecraft:enderman":4,"minecraft:cow":18},"minecraft:dropped":{"minecraft:iron_sword":1,"minecraft:oak_slab":6,"minecraft:glass_bottle":2,"minecraft:cobblestone":49,"minecraft:granite":26,"minecraft:flint":3,"minecraft:dirt":1,"minecraft:diorite":6,"minecraft:oak_stairs":2,"minecraft:iron_pickaxe":1,"vampirism:ring":1,"minecraft:bone":3,"minecraft:oak_door":1,"minecraft:gravel":22,"minecraft:stone_axe":3,"immersiveengineering:raw_uranium":4,"minecraft:cobbled_deepslate":341,"minecraft:tuff":42,"minecraft:wheat":2,"minecraft:composter":1,"minecraft:rotten_flesh":15,"minecraft:white_terracotta":2,"minecraft:poppy":2,"minecraft:shield":1,"minecraft:andesite":19,"minecraft:stone_pickaxe":2,"minecraft:wooden_pickaxe":2,"minecraft:egg":4},"minecraft:custom":{"minecraft:mob_kills":180,"minecraft:interact_with_crafting_table":36,"minecraft:damage_dealt_resisted":3775,"minecraft:leave_game":3,"minecraft:time_since_death":18952,"minecraft:sprint_one_cm":839652,"minecraft:damage_blocked_by_shield":1969,"minecraft:walk_one_cm":511342,"minecraft:drop":52,"minecraft:talked_to_villager":61,"vampirism:infected_creatures":9,"minecraft:play_time":251594,"minecraft:sneak_time":5761,"minecraft:deaths":3,"minecraft:walk_under_water_one_cm":10628,"minecraft:jump":4696,"minecraft:walk_on_water_one_cm":34766,"minecraft:total_world_time":251594,"minecraft:interact_with_furnace":27,"minecraft:traded_with_villager":22,"minecraft:sleep_in_bed":3,"minecraft:time_since_rest":46,"minecraft:damage_taken":104485,"minecraft:damage_absorbed":43,"minecraft:damage_dealt":46103,"minecraft:swim_one_cm":48404,"minecraft:fly_one_cm":957921,"minecraft:open_chest":80,"minecraft:crouch_one_cm":5670,"minecraft:fall_one_cm":79142,"minecraft:horse_one_cm":17955}},"DataVersion":2975}