{"stats":{"minecraft:dropped":{"minecraft:iron_sword":1,"minecraft:glass_bottle":9,"minecraft:flint":3,"minecraft:dirt":10,"minecraft:iron_pickaxe":1,"minecraft:dark_oak_planks":1,"minecraft:bone":3,"minecraft:oak_door":1,"minecraft:gravel":24,"minecraft:stone_axe":3,"minecraft:cobbled_deepslate":341,"minecraft:wheat":2,"minecraft:rotten_flesh":17,"vampirism:blood_bottle":3,"minecraft:diamond_shovel":1,"minecraft:poppy":6,"minecraft:tipped_arrow":1,"immersiveengineering:seed":2,"minecraft:netherrack":1,"minecraft:egg":4,"minecraft:oak_slab":12,"minecraft:wheat_seeds":66,"minecraft:oak_fence":1,"minecraft:cobblestone":82,"minecraft:granite":30,"minecraft:stick":7,"minecraft:diorite":6,"minecraft:nether_wart_block":1,"minecraft:iron_door":20,"minecraft:diamond_helmet":1,"minecraft:iron_leggings":3,"minecraft:oak_stairs":2,"minecraft:iron_axe":1,"vampirism:ring":1,"minecraft:dandelion":10,"minecraft:smooth_basalt":5,"minecraft:kelp":2,"immersiveengineering:raw_uranium":4,"minecraft:tuff":42,"minecraft:composter":1,"minecraft:iron_boots":2,"minecraft:white_terracotta":2,"minecraft:nether_bricks":1,"minecraft:flint_and_steel":2,"minecraft:shield":1,"minecraft:iron_chestplate":2,"minecraft:andesite":19,"minecraft:mossy_stone_bricks":1,"minecraft:stone_bricks":1,"minecraft:spider_eye":2,"minecraft:stone_pickaxe":2,"minecraft:wooden_pickaxe":2},"minecraft:custom":{"minecraft:interact_with_crafting_table":46,"minecraft:open_barrel":14,"minecraft:leave_game":6,"minecraft:time_since_death":15059,"minecraft:damage_resisted":10,"minecraft:sprint_one_cm":1662634,"minecraft:damage_blocked_by_shield":4039,"minecraft:drop":139,"minecraft:talked_to_villager":86,"minecraft:play_time":462929,"minecraft:deaths":22,"minecraft:jump":7471,"minecraft:walk_on_water_one_cm":49532,"minecraft:interact_with_furnace":34,"minecraft:traded_with_villager":43,"minecraft:sleep_in_bed":13,"minecraft:damage_dealt":64967,"minecraft:player_kills":1,"minecraft:crouch_one_cm":37425,"minecraft:horse_one_cm":17955,"minecraft:interact_with_anvil":3,"minecraft:mob_kills":267,"minecraft:damage_dealt_resisted":3817,"minecraft:climb_one_cm":4643,"minecraft:walk_one_cm":873874,"vampirism:infected_creatures":10,"minecraft:sneak_time":16492,"minecraft:walk_under_water_one_cm":13110,"minecraft:total_world_time":462929,"vampirism:win_village_capture":1,"minecraft:time_since_rest":60,"minecraft:damage_taken":1311410,"minecraft:damage_absorbed":101,"minecraft:swim_one_cm":89723,"minecraft:fly_one_cm":3107151,"minecraft:open_chest":175,"vampirism:defend_village":1,"minecraft:fall_one_cm":136851},"minecraft:crafted":{"minecraft:oak_planks":428,"minecraft:blaze_powder":18,"vampirism:coffin":1,"minecraft:bookshelf":4,"minecraft:glass":36,"minecraft:diamond_helmet":1,"minecraft:diamond_leggings":1,"vampirism:altar_inspiration":1,"vampirism:blood_bottle":45,"minecraft:chest":4,"structurize:sceptergold":1,"minecraft:ender_eye":13,"minecraft:glass_bottle":3,"minecraft:oak_slab":18,"minecraft:emerald":28,"minecraft:crafting_table":7,"minecraft:spruce_planks":116,"minecraft:wooden_pickaxe":1,"minecraft:fletching_table":2,"minecraft:lectern":1,"minecraft:book":20,"minecraft:iron_chestplate":1,"minecraft:paper":87,"minecraft:diamond_pickaxe":1,"minecraft:shield":1,"minecraft:stick":480,"minecraft:iron_ingot":22,"minecraft:iron_pickaxe":2,"minecraft:iron_block":3,"minecraft:furnace":3,"minecraft:flint_and_steel":1,"minecraft:iron_axe":1,"minecraft:stone_pickaxe":2,"minecraft:dark_oak_planks":48,"minecraft:wheat":387,"minecolonies:blockhuttownhall":1,"minecraft:diamond_sword":1,"minecraft:iron_sword":1,"minecraft:stone_axe":1,"minecraft:bread":66,"minecraft:air":0,"minecraft:white_wool":3,"minecraft:anvil":1,"minecraft:white_bed":1,"minecraft:torch":156,"draconicevolution:draconium_ingot":23},"minecraft:killed_by":{"minecraft:wither_skeleton":1,"iceandfire:siren":1,"minecraft:blaze":1,"minecraft:zombie":3,"minecraft:stray":1,"minecraft:spider":1,"minecraft:enderman":1,"minecraft:ender_dragon":4},"minecraft:killed":{"vampirism:vampire":2,"minecraft:witch":1,"vampirism:advanced_vampire":3,"vampirism:converted_creature":2,"minecraft:spider":49,"vampirism:blinding_bat":2,"minecraft:skeleton":13,"vampirism:advanced_hunter":8,"artifacts:mimic":2,"minecraft:piglin":2,"minecraft:pig":2,"minecraft:iron_golem":3,"minecraft:ender_dragon":1,"minecraft:creeper":2,"vampirism:hunter":46,"minecraft:sheep":4,"minecraft:zombie":44,"minecraft:stray":10,"minecraft:ghast":1,"minecraft:cow":18,"minecraft:blaze":14,"minecraft:horse":5,"minecraft:bat":1,"minecraft:wither_skeleton":8,"minecraft:enderman":14},"minecraft:mined":{"minecraft:white_bed":4,"minecraft:andesite_stairs":1,"minecraft:cobblestone_stairs":1,"minecraft:red_nether_bricks":2,"minecraft:brewing_stand":1,"minecraft:obsidian":14,"minecraft:granite":44,"minecraft:budding_amethyst":1,"minecraft:grass_block":38,"draconicevolution:deepslate_draconium_ore":8,"minecraft:coal_block":1,"minecraft:composter":6,"minecraft:oxeye_daisy":1,"minecraft:spawner":37,"immersiveengineering:deepslate_ore_uranium":7,"minecraft:glowstone":8,"minecraft:iron_ore":49,"minecraft:fire":23,"immersiveengineering:deepslate_ore_silver":3,"minecraft:pumpkin":1,"minecraft:fletching_table":7,"minecraft:deepslate_lapis_ore":5,"minecraft:anvil":1,"minecraft:nether_brick_stairs":5,"vampirism:coffin":2,"minecraft:water_cauldron":3,"minecraft:oak_stairs":10,"minecraft:iron_bars":21,"minecraft:deepslate_redstone_ore":20,"minecraft:quartz_block":10,"minecraft:kelp_plant":1,"minecraft:poppy":4,"minecraft:calcite":3,"indreb:lead_ore":7,"minecraft:polished_andesite_stairs":1,"minecraft:chest":1,"minecraft:nether_quartz_ore":8,"botania:brown_mushroom":1,"minecraft:cobblestone":34,"powah:dry_ice":7,"minecraft:sugar_cane":40,"minecraft:oak_planks":11,"minecraft:iron_door":13,"minecraft:wall_torch":12,"minecraft:amethyst_block":4,"minecraft:white_terracotta":1,"domum_ornamentum:blockbarreldeco_standing":1,"minecraft:nether_wart_block":1,"minecraft:wheat":18,"minecraft:grass":189,"minecraft:oak_log":103,"minecraft:sand":36,"minecraft:dirt":13,"minecolonies:blockhutfield":1,"minecraft:smooth_basalt":8,"minecraft:netherrack":1,"minecraft:oak_leaves":2,"minecraft:deepslate":410,"indreb:tin_ore":1,"minecraft:diamond_ore":1,"minecraft:tuff":84,"iceandfire:silver_ore":1,"minecraft:mossy_cobblestone":3,"minecraft:deepslate_diamond_ore":19,"minecraft:oak_door":2,"minecraft:dark_oak_log":16,"minecraft:end_stone":204,"minecraft:nether_bricks":7,"minecraft:hay_block":43,"farmersdelight:wild_onions":3,"minecraft:redstone_ore":4,"botania:magenta_mystical_flower":1,"minecraft:furnace":1,"iceandfire:copper_ore":6,"minecraft:andesite":43,"draconicevolution:end_draconium_ore":77,"minecraft:gold_block":3,"minecraft:mossy_stone_brick_stairs":2,"minecraft:bookshelf":143,"minecraft:deepslate_iron_ore":11,"minecraft:vine":2,"minecraft:stripped_oak_log":4,"minecraft:stone":454,"ae2:quartz_ore":1,"minecraft:redstone_block":23,"minecraft:glass_pane":1,"minecraft:stone_brick_slab":1,"minecraft:dandelion":11,"minecraft:oak_fence":2,"minecraft:crafting_table":3,"minecraft:lectern":31,"minecraft:tall_grass":77,"minecraft:copper_ore":2,"minecraft:deepslate_gold_ore":9,"minecraft:lapis_ore":3,"minecraft:diorite":45,"minecraft:gray_bed":1,"minecraft:yellow_bed":2,"minecraft:coal_ore":40,"minecraft:gravel":38,"minecraft:cobweb":58,"minecraft:cracked_stone_bricks":3,"ae2:deepslate_quartz_ore":2,"minecraft:stone_bricks":10,"minecraft:polished_andesite":4,"minecraft:mossy_stone_bricks":8,"minecraft:gold_ore":2},"minecraft:broken":{"minecraft:stone_pickaxe":1,"minecraft:iron_pickaxe":1},"minecraft:picked_up":{"minecolonies:supplycampdeployer":1,"minecraft:iron_chestplate":4,"minecraft:wheat":19,"minecraft:redstone_block":20,"minecraft:anvil":1,"iceandfire:copper_ore":6,"minecraft:oak_stairs":11,"minecraft:brewing_stand":1,"minecraft:amethyst_block":4,"vampirism:holy_water_bottle_normal":1,"minecraft:string":111,"minecraft:raw_copper":6,"minecraft:iron_leggings":1,"vampirism:obi_belt":2,"minecraft:diamond_leggings":2,"minecraft:cobbled_deepslate":415,"minecraft:ender_eye":2,"minecraft:calcite":3,"draconicevolution:draconium_dust":342,"minecraft:coal_block":1,"minecraft:furnace":2,"minecraft:iron_boots":1,"minecraft:tipped_arrow":1,"minecraft:stick":124,"immersiveengineering:shader_bag_epic":1,"minecraft:composter":4,"minecraft:oak_fence":2,"minecraft:torch":57,"iceandfire:silver_ore":2,"minecraft:porkchop":7,"vampirism:holy_water_bottle_enhanced":2,"vampirism:vampire_fang":1,"minecraft:diorite":40,"minecraft:golden_chestplate":1,"vampirism:blood_bottle":5,"indreb:raw_lead":11,"minecraft:rotten_flesh":49,"farmersdelight:onion":6,"minecraft:white_terracotta":2,"minecraft:blaze_rod":9,"minecraft:obsidian":14,"minecraft:iron_bars":18,"vampirism:heart_seeker_enhanced":1,"minecraft:cobblestone":571,"minecraft:iron_door":21,"minecraft:andesite":39,"vampirism:coffin":2,"minecraft:flint":19,"minecraft:tuff":72,"botania:magenta_mushroom":3,"minecraft:map":1,"minecraft:lapis_lazuli":92,"minecraft:dirt":48,"artifacts:shock_pendant":1,"minecraft:bone":13,"minecraft:bow":3,"minecraft:wheat_seeds":94,"minecraft:raw_gold":22,"vampirism:item_garlic":1,"minecraft:fletching_table":7,"minecraft:mossy_stone_bricks":2,"minecraft:glowstone_dust":25,"minecraft:oak_planks":53,"minecraft:mossy_stone_brick_stairs":1,"immersiveengineering:raw_uranium":8,"vampirism:ring":2,"minecraft:oak_pressure_plate":1,"minecraft:sand":38,"minecraft:nether_brick_stairs":2,"minecraft:grass_block":1,"minecraft:dark_oak_log":26,"minecraft:polished_andesite":4,"minecraft:diamond":28,"minecraft:granite":43,"minecraft:emerald":5,"minecraft:chainmail_helmet":1,"minecraft:bread":63,"minecraft:oak_sapling":6,"botania:brown_mushroom":1,"minecraft:netherrack":1,"indreb:raw_tin":1,"minecraft:diamond_pickaxe":2,"minecraft:crafting_table":3,"minecraft:allium":5,"iceandfire:witherbone":1,"minecraft:wooden_pickaxe":1,"minecraft:gold_block":3,"minecraft:shield":4,"artifacts:fire_gauntlet":1,"minecraft:cracked_stone_bricks":1,"minecraft:beef":42,"minecraft:poppy":9,"minecraft:lectern":31,"minecraft:sugar_cane":106,"minecraft:chest":1,"minecraft:egg":4,"minecraft:end_stone":203,"vampirism:holy_salt":19,"minecraft:raw_iron":85,"iceandfire:dragonbone":25,"minecraft:oak_door":2,"minecolonies:blockhutfield":1,"minecraft:cookie":2,"structurize:sceptergold":1,"minecraft:redstone":222,"iceandfire:dragon_skull_ice":1,"minecraft:arrow":7,"ae2:certus_quartz_dust":26,"minecraft:nether_bricks":3,"minecraft:hay_block":43,"powah:dry_ice":6,"minecraft:glow_berries":4,"minecraft:mutton":8,"minecraft:white_wool":6,"minecraft:rail":8,"minecraft:oxeye_daisy":1,"minecraft:stripped_oak_log":4,"minecraft:clock":1,"vampirism:vampire_blood_bottle":6,"minecraft:leather":24,"minecraft:oak_log":103,"minecraft:nether_wart_block":1,"minecraft:yellow_bed":2,"minecraft:gunpowder":4,"draconicevolution:dragon_heart":1,"vampirism:human_heart":12,"minecraft:apple":7,"minecraft:stone_bricks":3,"minecraft:kelp":2,"minecraft:iron_ingot":24,"minecraft:stone_pickaxe":1,"minecraft:glass_bottle":2,"minecraft:gray_bed":1,"minecraft:soul_sand":2,"minecraft:iron_sword":2,"minecraft:book":424,"minecraft:oak_slab":9,"minecraft:smooth_basalt":5,"minecraft:pumpkin":1,"minecraft:quartz":8,"minecraft:dandelion":10,"minecraft:gravel":32,"minecraft:white_bed":4,"minecraft:dragon_egg":1,"minecraft:spider_eye":11,"minecraft:diamond_shovel":1,"immersiveengineering:seed":34,"minecraft:stone_axe":4,"minecraft:coal":40,"immersiveengineering:raw_silver":6,"minecraft:ender_pearl":15},"minecraft:used":{"minecraft:chest":5,"minecraft:shield":89,"minecraft:iron_sword":238,"minecraft:soul_sand":2,"minecraft:obsidian":10,"minecraft:grass_block":1,"minecraft:bow":248,"minecraft:oak_sapling":1,"minecraft:furnace":4,"minecraft:potato":3,"minecraft:stone_pickaxe":256,"minecraft:oak_planks":77,"minecraft:ender_pearl":6,"minecraft:wooden_pickaxe":19,"vampirism:human_heart":12,"minecraft:cookie":2,"minecraft:golden_apple":3,"minecraft:end_stone":150,"minecraft:bread":13,"minecraft:lectern":32,"minecraft:diamond_sword":1113,"minecraft:fire_charge":1,"minecraft:experience_bottle":18,"minecraft:flint_and_steel":1,"minecraft:spruce_planks":116,"minecraft:torch":159,"minecraft:dirt":18,"minecraft:anvil":1,"minecraft:nether_brick_stairs":1,"minecraft:iron_axe":215,"minecraft:beef":1,"minecraft:calcite":3,"minecraft:wheat_seeds":17,"minecraft:amethyst_block":2,"vampirism:coffin":3,"vampirism:altar_inspiration":1,"minecraft:fletching_table":8,"minecraft:oak_slab":3,"minecraft:crafting_table":10,"minecraft:white_bed":4,"minecolonies:supplychestdeployer":1,"minecraft:ender_eye":15,"minecraft:diamond_pickaxe":1078,"minecraft:iron_pickaxe":528,"minecraft:stone_axe":121,"minecraft:cobblestone":246,"minecraft:yellow_bed":2}},"DataVersion":2975}