{"stats":{"minecraft:dropped":{"minecraft:iron_sword":1,"minecraft:diamond":1,"minecraft:glass_bottle":13,"minecraft:flint":3,"minecraft:dirt":18,"minecraft:iron_pickaxe":2,"minecraft:dark_oak_planks":1,"minecraft:bone":3,"minecraft:oak_door":1,"minecraft:gravel":24,"minecraft:stone_axe":3,"minecraft:purpur_block":1,"minecraft:cobbled_deepslate":341,"minecraft:wheat":12,"minecraft:rotten_flesh":21,"vampirism:blood_bottle":3,"minecraft:diamond_shovel":1,"minecraft:end_stone":71,"sophisticatedbackpacks:diamond_backpack":1,"minecraft:poppy":6,"minecraft:tipped_arrow":1,"artifacts:helium_flamingo":2,"immersiveengineering:seed":7,"minecraft:netherrack":1,"minecraft:egg":4,"minecraft:oak_slab":12,"minecraft:wheat_seeds":66,"minecraft:oak_fence":1,"minecraft:cobblestone":85,"minecraft:granite":30,"minecraft:grass_block":1,"minecraft:golden_apple":6,"minecraft:stick":11,"relics:roller_skates":1,"minecraft:diorite":6,"minecraft:nether_wart_block":1,"minecraft:iron_door":20,"minecraft:diamond_helmet":2,"minecraft:iron_leggings":3,"minecraft:oak_stairs":2,"minecraft:iron_axe":1,"vampirism:ring":1,"minecraft:dandelion":15,"minecraft:smooth_basalt":5,"minecraft:kelp":2,"immersiveengineering:raw_uranium":4,"minecraft:tuff":42,"minecraft:composter":1,"minecraft:iron_boots":2,"minecraft:white_terracotta":2,"minecraft:nether_bricks":1,"minecraft:flint_and_steel":2,"minecraft:filled_map":1,"minecraft:diamond_sword":1,"minecraft:stone":64,"minecraft:shield":1,"botania:lexicon":1,"minecraft:iron_chestplate":3,"minecraft:andesite":19,"minecraft:mossy_stone_bricks":1,"minecraft:stone_bricks":1,"minecraft:spider_eye":2,"minecraft:stone_pickaxe":2,"minecraft:wooden_pickaxe":2},"minecraft:custom":{"minecraft:interact_with_crafting_table":62,"minecraft:open_barrel":14,"minecraft:leave_game":6,"minecraft:time_since_death":31064,"minecraft:damage_resisted":10,"minecraft:sprint_one_cm":2093218,"minecraft:damage_blocked_by_shield":4059,"minecraft:drop":215,"minecraft:talked_to_villager":93,"minecraft:play_time":588929,"minecraft:deaths":28,"minecraft:jump":8710,"minecraft:interact_with_brewingstand":2,"minecraft:walk_on_water_one_cm":50848,"minecraft:interact_with_furnace":35,"twilightforest:uncrafting_table_interactions":3,"minecraft:traded_with_villager":67,"minecraft:sleep_in_bed":15,"minecraft:damage_dealt":75674,"minecraft:player_kills":1,"minecraft:crouch_one_cm":89417,"minecraft:horse_one_cm":17955,"minecraft:interact_with_anvil":6,"minecraft:mob_kills":363,"minecraft:damage_dealt_resisted":3817,"minecraft:climb_one_cm":4643,"minecraft:walk_one_cm":1018148,"vampirism:infected_creatures":10,"minecraft:sneak_time":36936,"minecraft:walk_under_water_one_cm":13752,"minecraft:total_world_time":588929,"vampirism:win_village_capture":1,"minecraft:time_since_rest":23,"minecraft:damage_taken":1513946,"minecraft:damage_absorbed":101,"minecraft:swim_one_cm":97181,"minecraft:fly_one_cm":3746206,"minecraft:open_chest":235,"minecraft:aviate_one_cm":2898003,"vampirism:defend_village":1,"minecraft:fall_one_cm":157103},"minecraft:crafted":{"minecraft:oak_planks":792,"minecraft:blaze_powder":18,"vampirism:coffin":1,"minecraft:bookshelf":4,"minecraft:glass":36,"minecraft:diamond_helmet":1,"minecraft:diamond_leggings":1,"vampirism:altar_inspiration":1,"vampirism:blood_bottle":48,"minecraft:chest":4,"structurize:sceptergold":1,"minecraft:ender_eye":14,"minecraft:glass_bottle":3,"minecraft:oak_slab":18,"minecraft:emerald":50,"minecraft:diamond_axe":1,"minecraft:crafting_table":7,"minecraft:spruce_planks":116,"minecraft:wooden_pickaxe":1,"farmersdelight:canvas_rug":32,"minecraft:fletching_table":2,"minecraft:birch_planks":176,"minecraft:lectern":1,"minecraft:book":20,"minecraft:iron_chestplate":1,"minecraft:paper":87,"minecraft:diamond_pickaxe":1,"minecraft:shield":1,"minecraft:stick":1688,"minecraft:iron_ingot":22,"minecraft:iron_pickaxe":2,"minecraft:iron_block":3,"draconicevolution:dislocator":1,"minecraft:furnace":3,"minecraft:flint_and_steel":1,"minecraft:iron_axe":1,"minecraft:stone_pickaxe":2,"minecraft:dark_oak_planks":48,"minecraft:wheat":387,"minecolonies:blockhuttownhall":1,"minecraft:diamond_sword":1,"minecraft:iron_sword":1,"botania:lexicon":1,"minecraft:bucket":1,"minecraft:stone_axe":1,"minecraft:enchanted_book":1,"minecraft:bread":66,"minecraft:air":0,"minecraft:white_wool":3,"minecraft:anvil":1,"minecraft:white_bed":1,"minecraft:torch":156,"draconicevolution:draconium_core":5,"draconicevolution:draconium_ingot":23,"minecraft:firework_rocket":123},"minecraft:killed_by":{"minecraft:wither_skeleton":1,"iceandfire:siren":1,"minecraft:blaze":2,"minecraft:zombie":3,"minecraft:stray":1,"minecraft:spider":1,"minecraft:enderman":2,"minecraft:ender_dragon":4,"twilightforest:slime_beetle":1,"twilightforest:redcap":1},"minecraft:killed":{"vampirism:vampire":2,"minecraft:zombified_piglin":2,"minecraft:witch":1,"vampirism:advanced_vampire":3,"vampirism:converted_creature":2,"minecraft:spider":53,"minecraft:shulker":5,"vampirism:blinding_bat":2,"minecraft:skeleton":14,"cataclysm:endermaptera":1,"vampirism:advanced_hunter":8,"artifacts:mimic":2,"minecraft:magma_cube":20,"twilightforest:slime_beetle":2,"minecraft:piglin":2,"minecraft:pig":2,"minecraft:iron_golem":3,"minecraft:ender_dragon":1,"twilightforest:raven":1,"minecraft:creeper":2,"vampirism:hunter":46,"minecraft:sheep":4,"twilightforest:redcap":2,"minecraft:zombie":56,"minecraft:stray":10,"minecraft:ghast":4,"minecraft:cow":18,"minecraft:blaze":29,"minecraft:horse":5,"twilightforest:naga":1,"twilightforest:swarm_spider":19,"minecraft:bat":1,"twilightforest:kobold":5,"minecraft:wither_skeleton":8,"minecraft:enderman":16},"minecraft:mined":{"minecraft:dragon_wall_head":3,"minecraft:white_bed":4,"minecraft:andesite_stairs":1,"minecraft:cobblestone_stairs":1,"minecraft:red_nether_bricks":2,"farmersdelight:canvas_rug":3,"minecraft:brewing_stand":1,"minecraft:obsidian":14,"minecraft:granite":44,"minecraft:budding_amethyst":1,"minecraft:grass_block":43,"draconicevolution:deepslate_draconium_ore":8,"minecraft:coal_block":1,"minecraft:composter":6,"minecraft:oxeye_daisy":1,"minecraft:spawner":39,"immersiveengineering:deepslate_ore_uranium":7,"minecraft:glowstone":38,"minecraft:iron_ore":273,"minecraft:fire":32,"immersiveengineering:deepslate_ore_silver":3,"minecraft:pumpkin":1,"minecraft:fletching_table":7,"minecraft:deepslate_lapis_ore":5,"minecraft:anvil":1,"minecraft:nether_brick_stairs":5,"vampirism:coffin":2,"minecraft:dirt_path":5,"minecraft:water_cauldron":4,"minecraft:oak_stairs":10,"minecraft:iron_bars":21,"minecraft:pink_tulip":1,"minecraft:end_stone_bricks":1,"minecraft:deepslate_redstone_ore":20,"minecraft:quartz_block":10,"minecraft:kelp_plant":1,"minecraft:purpur_stairs":3,"minecraft:poppy":4,"minecraft:calcite":3,"indreb:lead_ore":7,"minecraft:polished_andesite_stairs":1,"minecraft:chest":1,"minecraft:nether_quartz_ore":20,"botania:brown_mushroom":1,"minecraft:cobblestone":46,"powah:dry_ice":7,"minecraft:sugar_cane":40,"minecraft:oak_planks":11,"minecraft:iron_door":13,"minecraft:wall_torch":13,"minecraft:amethyst_block":4,"minecraft:white_terracotta":1,"domum_ornamentum:blockbarreldeco_standing":1,"minecraft:nether_wart_block":1,"minecraft:birch_log":44,"minecraft:wheat":18,"minecraft:purpur_block":17,"minecraft:smooth_stone_slab":2,"minecraft:grass":205,"minecraft:oak_log":195,"minecraft:sand":36,"minecraft:dirt":19,"minecolonies:blockhutfield":1,"minecraft:smooth_basalt":8,"minecraft:netherrack":92,"minecraft:oak_leaves":4,"minecraft:deepslate":410,"indreb:tin_ore":1,"minecraft:diamond_ore":11,"minecraft:tuff":84,"iceandfire:silver_ore":1,"minecraft:mossy_cobblestone":3,"minecraft:deepslate_diamond_ore":19,"minecraft:oak_door":2,"minecraft:dark_oak_log":16,"minecraft:end_stone":476,"minecraft:nether_bricks":32,"minecraft:kelp":1,"minecraft:hay_block":43,"farmersdelight:wild_onions":3,"minecraft:redstone_ore":178,"botania:magenta_mystical_flower":1,"minecraft:furnace":1,"iceandfire:copper_ore":6,"minecraft:andesite":43,"draconicevolution:end_draconium_ore":152,"minecraft:gold_block":3,"minecraft:mossy_stone_brick_stairs":2,"minecraft:bookshelf":143,"twilightforest:firefly_jar":2,"minecraft:deepslate_iron_ore":11,"minecraft:vine":2,"minecraft:stripped_oak_log":4,"minecraft:stone":852,"ae2:quartz_ore":5,"minecraft:redstone_block":23,"minecraft:glass_pane":1,"minecraft:stone_brick_slab":1,"minecraft:dandelion":25,"minecraft:oak_fence":2,"minecraft:crafting_table":3,"minecraft:lectern":31,"minecraft:purpur_pillar":1,"minecraft:tall_grass":172,"minecraft:copper_ore":8,"minecraft:deepslate_gold_ore":9,"minecraft:lapis_ore":3,"minecraft:diorite":45,"minecraft:gray_bed":1,"minecraft:birch_leaves":1,"minecraft:yellow_bed":3,"minecraft:coal_ore":140,"minecraft:end_rod":5,"minecraft:gravel":38,"minecraft:cobweb":58,"minecraft:cracked_stone_bricks":3,"ae2:deepslate_quartz_ore":2,"minecraft:stone_bricks":10,"minecraft:polished_andesite":4,"minecraft:mossy_stone_bricks":8,"minecraft:gold_ore":2,"minecraft:fern":9},"minecraft:broken":{"minecraft:stone_pickaxe":1,"minecraft:iron_pickaxe":1},"minecraft:picked_up":{"minecolonies:supplycampdeployer":1,"minecraft:iron_chestplate":4,"minecraft:wheat":19,"minecraft:redstone_block":20,"minecraft:anvil":1,"iceandfire:copper_ore":6,"minecraft:oak_stairs":11,"minecraft:stone_brick_stairs":1,"minecraft:brewing_stand":1,"minecraft:amethyst_block":4,"vampirism:holy_water_bottle_normal":1,"minecraft:string":131,"minecraft:raw_copper":6,"minecraft:smooth_stone_slab":4,"minecraft:iron_leggings":1,"vampirism:obi_belt":2,"minecraft:diamond_leggings":2,"minecraft:cobbled_deepslate":415,"minecraft:ender_eye":2,"minecraft:calcite":3,"draconicevolution:draconium_dust":400,"minecraft:coal_block":1,"twilightforest:firefly_jar":2,"minecraft:furnace":2,"minecraft:iron_boots":1,"minecraft:diamond_ore":10,"minecraft:tipped_arrow":1,"minecraft:stick":128,"immersiveengineering:shader_bag_epic":1,"minecraft:composter":4,"minecraft:oak_fence":2,"minecraft:torch":57,"iceandfire:silver_ore":2,"minecraft:porkchop":7,"vampirism:holy_water_bottle_enhanced":2,"vampirism:vampire_fang":1,"minecraft:diorite":40,"minecraft:golden_chestplate":1,"vampirism:blood_bottle":5,"indreb:raw_lead":11,"minecraft:rotten_flesh":54,"farmersdelight:onion":6,"minecraft:glowstone":30,"minecraft:end_rod":3,"minecraft:white_terracotta":2,"minecraft:blaze_rod":19,"minecraft:obsidian":14,"minecraft:iron_bars":18,"vampirism:heart_seeker_enhanced":1,"minecraft:cobblestone":582,"minecraft:birch_log":44,"minecraft:magma_cream":4,"minecraft:iron_door":21,"minecraft:andesite":39,"vampirism:coffin":2,"minecraft:flint":19,"minecraft:tuff":72,"botania:magenta_mushroom":3,"minecraft:map":1,"minecraft:lapis_lazuli":92,"minecraft:dirt":61,"draconicevolution:stabilized_spawner":3,"artifacts:shock_pendant":1,"minecraft:bone":13,"minecraft:bow":3,"minecraft:wheat_seeds":112,"minecraft:raw_gold":22,"vampirism:item_garlic":1,"minecraft:fletching_table":7,"minecraft:mossy_stone_bricks":2,"minecraft:glowstone_dust":25,"minecraft:oak_planks":53,"minecraft:mossy_stone_brick_stairs":3,"minecraft:ghast_tear":2,"immersiveengineering:raw_uranium":8,"vampirism:ring":2,"minecraft:oak_pressure_plate":1,"minecraft:sand":38,"minecraft:nether_brick_stairs":2,"minecraft:grass_block":3,"minecraft:dark_oak_log":26,"minecraft:polished_andesite":4,"minecraft:diamond":28,"minecraft:granite":43,"minecraft:emerald":5,"minecraft:chainmail_helmet":1,"minecraft:bread":63,"minecraft:oak_sapling":7,"botania:brown_mushroom":1,"minecraft:netherrack":59,"indreb:raw_tin":1,"minecraft:diamond_pickaxe":2,"minecraft:end_stone_bricks":1,"minecraft:crafting_table":3,"minecraft:allium":5,"iceandfire:witherbone":1,"minecraft:wooden_pickaxe":1,"minecraft:gold_block":3,"minecraft:dragon_head":3,"minecraft:purpur_block":5,"minecraft:shield":4,"minecraft:elytra":3,"minecraft:flint_and_steel":1,"draconicevolution:end_draconium_ore":52,"minecraft:item_frame":1,"artifacts:fire_gauntlet":1,"minecraft:cracked_stone_bricks":2,"minecraft:beef":42,"minecraft:poppy":9,"minecraft:lectern":31,"farmersdelight:canvas_rug":3,"minecraft:sugar_cane":106,"minecraft:chest":1,"minecraft:egg":4,"minecraft:end_stone":502,"vampirism:holy_salt":19,"minecraft:raw_iron":85,"iceandfire:dragonbone":25,"minecraft:stone":193,"minecraft:oak_door":2,"minecolonies:blockhutfield":1,"minecraft:cookie":2,"structurize:sceptergold":1,"minecraft:redstone":222,"iceandfire:dragon_skull_ice":1,"minecraft:arrow":9,"ae2:certus_quartz_dust":26,"twilightforest:etched_nagastone":1,"minecraft:nether_bricks":22,"minecraft:hay_block":43,"minecraft:pink_tulip":1,"powah:dry_ice":6,"minecraft:glow_berries":4,"minecraft:mutton":8,"minecraft:white_wool":6,"minecraft:rail":8,"minecraft:oxeye_daisy":1,"minecraft:stripped_oak_log":4,"minecraft:clock":1,"vampirism:vampire_blood_bottle":6,"minecraft:leather":24,"minecraft:red_mushroom":1,"minecraft:purpur_stairs":1,"minecraft:oak_log":194,"minecraft:nether_wart_block":1,"minecraft:yellow_bed":3,"minecraft:gunpowder":6,"draconicevolution:dragon_heart":1,"vampirism:human_heart":12,"minecraft:apple":7,"minecraft:stone_bricks":3,"minecraft:kelp":2,"minecraft:iron_ingot":24,"minecraft:stone_pickaxe":1,"minecraft:iron_ore":192,"minecraft:glass_bottle":4,"minecraft:gray_bed":1,"minecraft:soul_sand":2,"minecraft:iron_sword":2,"minecraft:book":424,"minecraft:oak_slab":9,"twilightforest:nagastone_pillar":3,"minecraft:smooth_basalt":5,"minecraft:nether_quartz_ore":11,"minecraft:pumpkin":1,"minecraft:quartz":8,"minecraft:dandelion":23,"minecraft:gravel":32,"minecraft:white_bed":4,"minecraft:dragon_egg":1,"minecraft:spider_eye":11,"artifacts:helium_flamingo":1,"minecraft:diamond_shovel":1,"minecraft:coal_ore":87,"immersiveengineering:seed":50,"minecraft:stone_axe":4,"twilightforest:raven_feather":2,"minecraft:redstone_ore":173,"twilightforest:spiral_bricks":4,"minecraft:coal":40,"immersiveengineering:raw_silver":6,"minecraft:shulker_shell":2,"minecraft:ender_pearl":17},"minecraft:used":{"sophisticatedbackpacks:copper_backpack":1,"minecraft:chest":5,"minecraft:shield":90,"minecraft:stone":23,"minecraft:iron_sword":238,"minecraft:soul_sand":2,"minecraft:obsidian":10,"sophisticatedbackpacks:diamond_backpack":1,"minecraft:grass_block":1,"minecraft:bow":309,"minecraft:oak_sapling":1,"minecraft:furnace":4,"minecraft:gray_bed":1,"minecraft:potato":3,"minecraft:stone_pickaxe":256,"minecraft:oak_planks":77,"twilightforest:uncrafting_table":1,"minecraft:ender_pearl":8,"minecraft:wooden_pickaxe":19,"vampirism:human_heart":12,"minecraft:diamond_axe":140,"minecraft:cookie":2,"minecraft:golden_apple":3,"minecraft:end_stone":431,"minecraft:firework_rocket":106,"minecraft:bread":13,"minecraft:lectern":32,"minecraft:diamond_sword":1303,"minecraft:fire_charge":1,"minecraft:smooth_stone_slab":4,"minecraft:experience_bottle":18,"minecraft:purpur_block":1,"minecraft:flint_and_steel":1,"minecraft:spruce_planks":116,"minecraft:netherrack":2,"minecraft:torch":159,"minecraft:dirt":21,"minecraft:anvil":1,"minecraft:nether_brick_stairs":1,"minecraft:iron_axe":215,"farmersdelight:canvas_rug":35,"minecraft:beef":1,"sophisticatedbackpacks:gold_backpack":3,"minecraft:calcite":3,"minecraft:wheat_seeds":17,"minecraft:water_bucket":2,"minecraft:amethyst_block":2,"vampirism:coffin":3,"vampirism:altar_inspiration":1,"minecraft:fletching_table":8,"minecraft:oak_slab":3,"minecraft:crafting_table":10,"minecraft:white_bed":4,"minecolonies:supplychestdeployer":1,"minecraft:ender_eye":15,"minecraft:diamond_pickaxe":2368,"minecraft:iron_pickaxe":718,"minecraft:stone_axe":121,"minecraft:potion":2,"minecraft:cobblestone":254,"minecraft:bucket":2,"minecraft:yellow_bed":2,"minecraft:dandelion":8}},"DataVersion":2975}