{"stats":{"minecraft:broken":{"minecraft:golden_sword":1},"minecraft:custom":{"minecraft:mob_kills":65,"minecraft:interact_with_crafting_table":26,"minecraft:open_barrel":1,"minecraft:interact_with_campfire":1,"minecraft:bell_ring":36,"minecraft:damage_dealt_resisted":322,"minecraft:leave_game":1,"minecraft:time_since_death":17897,"minecraft:climb_one_cm":5412,"minecraft:damage_resisted":5,"minecraft:sprint_one_cm":427202,"minecraft:walk_one_cm":333164,"minecraft:damage_blocked_by_shield":1120,"minecraft:drop":50,"minecraft:talked_to_villager":2,"minecraft:play_time":164060,"vampirism:infected_creatures":2,"minecraft:sneak_time":4341,"minecraft:deaths":10,"minecraft:walk_under_water_one_cm":5792,"minecraft:jump":2927,"minecraft:walk_on_water_one_cm":10187,"minecraft:total_world_time":164060,"minecraft:interact_with_furnace":21,"minecraft:sleep_in_bed":6,"minecraft:time_since_rest":50,"minecraft:damage_taken":204925,"minecraft:damage_dealt":11321,"minecraft:swim_one_cm":42548,"minecraft:fly_one_cm":584476,"minecraft:open_chest":46,"minecraft:crouch_one_cm":11901,"minecraft:fall_one_cm":57269},"minecraft:crafted":{"minecraft:wooden_sword":1,"minecraft:oak_planks":76,"minecraft:furnace":1,"minecolonies:supplycampdeployer":1,"minecraft:cooked_mutton":2,"minecraft:iron_boots":1,"minecraft:iron_axe":1,"minecraft:stone_pickaxe":1,"minecraft:chest":7,"structurize:sceptergold":2,"minecraft:dark_oak_planks":24,"minecraft:crafting_table":6,"minecraft:spruce_planks":36,"minecraft:wooden_pickaxe":1,"minecraft:baked_potato":8,"minecraft:iron_sword":1,"minecraft:birch_planks":24,"minecraft:stone_axe":1,"minecraft:air":0,"minecraft:iron_chestplate":1,"minecraft:shield":1,"minecraft:stick":28,"minecraft:iron_ingot":6,"minecraft:iron_pickaxe":1,"minecraft:stone_sword":1,"minecraft:torch":4},"minecraft:used":{"minecraft:oak_fence":1,"minecraft:stone_sword":37,"minecraft:flint_and_steel":10,"minecraft:chest":3,"minecraft:spruce_planks":9,"minecraft:shield":27,"minecraft:iron_sword":62,"minecraft:bell":1,"minecraft:rotten_flesh":22,"minecraft:netherrack":74,"minecraft:torch":4,"minecraft:dirt":24,"minecraft:mutton":7,"minecraft:nether_bricks":19,"minecraft:obsidian":10,"minecraft:stripped_dark_oak_wood":1,"minecraft:iron_axe":103,"minecraft:iron_boots":1,"minecraft:golden_sword":44,"minecraft:furnace":7,"minecraft:egg":2,"minecraft:cooked_mutton":2,"minecraft:cobblestone_stairs":1,"minecraft:baked_potato":8,"minecraft:stone_pickaxe":121,"minecraft:oak_planks":43,"farmersdelight:golden_knife":2,"minecraft:wooden_pickaxe":24,"minecraft:golden_apple":1,"minecraft:sand":12,"farmersdelight:onion":4,"minecraft:crafting_table":6,"minecraft:white_bed":2,"minecraft:apple":1,"minecraft:dark_oak_log":2,"minecraft:chicken":7,"minecraft:bread":13,"minecraft:iron_pickaxe":164,"minecraft:stone_axe":22,"minecraft:cobblestone":66,"minecraft:porkchop":14,"minecraft:cooked_porkchop":4,"minecraft:experience_bottle":8},"minecraft:mined":{"minecraft:spruce_planks":1,"minecraft:white_bed":2,"minecraft:mossy_cobblestone":3,"minecolonies:blockhuttownhall":1,"minecraft:cobblestone_stairs":1,"minecraft:dark_oak_log":1,"minecraft:nether_bricks":38,"minecraft:grass_block":24,"minecraft:brown_wool":2,"minecraft:spruce_leaves":7,"minecraft:nether_wart":40,"minecraft:chiseled_stone_bricks":1,"minecraft:spawner":1,"minecraft:large_fern":3,"minecraft:furnace":8,"minecraft:iron_ore":14,"minecraft:fire":15,"vampirism:tent":3,"minecraft:stripped_dark_oak_wood":1,"minecraft:azure_bluet":1,"minecraft:bell":1,"minecraft:dirt_path":1,"minecraft:vine":1,"minecraft:cobblestone_slab":1,"botania:brown_mystical_flower":3,"iceandfire:frost_lily":1,"minecraft:stone":104,"minecraft:soul_sand":40,"minecraft:soul_fire":1,"minecraft:basalt":2,"minecraft:powder_snow":33,"minecraft:oak_fence":1,"minecraft:crafting_table":3,"minecraft:emerald_ore":2,"iceandfire:ghost_chest":1,"minecraft:chest":2,"minecraft:rose_bush":10,"minecraft:tall_grass":30,"minecraft:cobblestone":2,"botania:blue_mystical_flower":2,"minecraft:oak_planks":12,"minecraft:sugar_cane":6,"minecraft:skeleton_skull":2,"domum_ornamentum:blockbarreldeco_standing":1,"minecraft:gray_wool":1,"minecraft:birch_log":19,"minecraft:spruce_log":19,"minecraft:wither_rose":1,"minecraft:grass":132,"minecraft:oak_log":16,"minecraft:coal_ore":51,"botania:yellow_mystical_flower":1,"minecraft:sand":12,"minecraft:dirt":7,"minecraft:cobweb":1,"minecraft:netherrack":74,"minecraft:infested_stone":1,"minecraft:fern":3},"minecraft:killed":{"vampirism:converted_creature":2,"minecraft:skeleton":7,"minecraft:chicken":7,"minecraft:silverfish":1,"vampirism:advanced_hunter":2,"minecraft:piglin":1,"minecraft:pig":14,"minecraft:iron_golem":2,"vampirism:hunter":2,"minecraft:sheep":6,"minecraft:pillager":3,"minecraft:zombie":10,"minecraft:cow":3},"minecraft:dropped":{"farmersdelight:tomato_seeds":7,"minecraft:birch_planks":2,"minecraft:wheat_seeds":5,"minecraft:mossy_cobblestone":3,"minecolonies:supplycampdeployer":2,"vampirism:holy_salt":1,"minecraft:crossbow":1,"minecraft:feather":9,"minecraft:cobblestone":1,"minecraft:iron_horse_armor":1,"minecraft:stick":2,"minecraft:flint":1,"farmersdelight:golden_knife":2,"minecraft:rose_bush":6,"minecraft:fire_charge":1,"minecraft:gold_nugget":8,"farmersdelight:onion":17,"minecraft:wooden_sword":1,"vampirism:ring":1,"minecraft:chainmail_leggings":1,"minecraft:string":3,"minecraft:stone_axe":1,"minecraft:stone_sword":1,"minecraft:birch_sapling":1,"minecraft:obsidian":1,"minecraft:rotten_flesh":7,"vampirism:blood_bottle":2,"minecraft:azure_bluet":1,"minecraft:spruce_planks":1,"minecraft:melon_seeds":3,"minecraft:ladder":1,"iceandfire:frost_lily":1,"minecraft:golden_sword":1,"minecraft:arrow":6,"minecraft:wooden_pickaxe":1,"minecraft:stone_pickaxe":1,"immersiveengineering:seed":7,"iceandfire:manuscript":12},"minecraft:picked_up":{"minecolonies:supplycampdeployer":1,"minecraft:crafting_table":3,"minecolonies:blockhuttownhall":1,"minecraft:azure_bluet":1,"minecraft:ladder":1,"minecraft:chicken":7,"minecraft:nether_wart":47,"minecraft:wither_rose":1,"iceandfire:manuscript":12,"minecraft:string":1,"minecraft:iron_leggings":1,"iceandfire:frost_lily":1,"minecraft:spruce_planks":1,"minecraft:beef":7,"minecraft:rose_bush":8,"minecraft:poppy":2,"farmersdelight:golden_knife":1,"minecraft:sugar_cane":16,"minecraft:chest":2,"minecraft:birch_sapling":1,"minecraft:furnace":8,"minecraft:egg":2,"vampirism:holy_salt":4,"minecraft:stick":2,"minecraft:raw_iron":14,"iceandfire:dragonbone":33,"iceandfire:ghost_chest":1,"minecraft:oak_fence":1,"botania:yellow_mystical_flower":1,"minecraft:porkchop":28,"minecraft:golden_chestplate":1,"iceandfire:dragon_skull_ice":1,"vampirism:blood_bottle":2,"minecraft:arrow":4,"minecraft:rotten_flesh":32,"minecraft:nether_bricks":37,"botania:blue_mystical_flower":2,"minecraft:stripped_dark_oak_wood":1,"minecraft:saddle":1,"minecraft:gold_ingot":2,"minecraft:mutton":9,"minecraft:skeleton_skull":3,"minecraft:white_wool":6,"minecraft:cobblestone":106,"minecraft:birch_log":18,"minecraft:feather":9,"minecraft:basalt":2,"vampirism:item_tent":3,"domum_ornamentum:blockbarreldeco_standing":1,"minecraft:brown_wool":2,"minecraft:leather":3,"minecraft:birch_planks":2,"minecraft:oak_log":16,"minecraft:cobblestone_stairs":1,"minecraft:dirt":30,"minecraft:bone":12,"minecraft:apple":2,"minecraft:wheat_seeds":16,"minecraft:bell":1,"minecraft:iron_ingot":12,"minecraft:oak_planks":13,"minecraft:soul_sand":40,"minecraft:cooked_porkchop":4,"vampirism:ring":2,"minecraft:sand":12,"minecraft:white_bed":2,"minecraft:spruce_log":19,"minecraft:dark_oak_log":1,"minecraft:mossy_cobblestone":3,"minecraft:oak_wood":3,"immersiveengineering:seed":24,"minecraft:chainmail_leggings":1,"minecraft:crossbow":2,"minecraft:gray_wool":1,"minecraft:bread":1,"minecraft:emerald":2,"minecraft:netherrack":74,"botania:brown_mystical_flower":3,"minecraft:coal":100},"minecraft:killed_by":{"minecraft:player":1,"minecraft:creeper":1,"minecraft:iron_golem":1,"minecraft:skeleton":4,"minecraft:blaze":1}},"DataVersion":2975}