{"stats":{"minecraft:picked_up":{"minecolonies:supplycampdeployer":1,"minecraft:crafting_table":2,"minecraft:azure_bluet":1,"minecraft:chicken":7,"minecraft:ladder":1,"minecraft:wither_rose":1,"iceandfire:manuscript":12,"minecraft:string":1,"minecraft:iron_leggings":1,"minecraft:spruce_planks":1,"iceandfire:frost_lily":1,"minecraft:beef":5,"minecraft:rose_bush":2,"minecraft:sugar_cane":16,"farmersdelight:golden_knife":1,"minecraft:birch_sapling":1,"minecraft:furnace":8,"minecraft:egg":2,"vampirism:holy_salt":1,"minecraft:stick":2,"minecraft:raw_iron":14,"iceandfire:dragonbone":33,"iceandfire:ghost_chest":1,"minecraft:oak_fence":1,"minecraft:porkchop":22,"iceandfire:dragon_skull_ice":1,"minecraft:arrow":4,"minecraft:rotten_flesh":24,"vampirism:blood_bottle":2,"minecraft:stripped_dark_oak_wood":1,"minecraft:mutton":9,"minecraft:skeleton_skull":3,"minecraft:white_wool":6,"minecraft:cobblestone":86,"minecraft:birch_log":18,"minecraft:feather":9,"domum_ornamentum:blockbarreldeco_standing":1,"minecraft:leather":2,"minecraft:birch_planks":2,"minecraft:oak_log":16,"minecraft:cobblestone_stairs":1,"minecraft:dirt":12,"minecraft:bone":12,"minecraft:apple":1,"minecraft:wheat_seeds":3,"minecraft:bell":1,"minecraft:iron_ingot":3,"minecraft:oak_planks":6,"minecraft:cooked_porkchop":4,"minecraft:sand":12,"minecraft:white_bed":2,"minecraft:spruce_log":19,"minecraft:dark_oak_log":1,"minecraft:mossy_cobblestone":3,"minecraft:oak_wood":3,"immersiveengineering:seed":7,"minecraft:chainmail_leggings":1,"minecraft:crossbow":1,"minecraft:emerald":2,"minecraft:coal":99},"minecraft:broken":{"minecraft:golden_sword":1},"minecraft:used":{"minecraft:oak_fence":1,"minecraft:stone_sword":37,"minecraft:flint_and_steel":9,"minecraft:chest":3,"minecraft:spruce_planks":9,"minecraft:shield":27,"minecraft:iron_sword":61,"minecraft:bell":1,"minecraft:rotten_flesh":21,"minecraft:torch":4,"minecraft:dirt":12,"minecraft:mutton":7,"minecraft:stripped_dark_oak_wood":1,"minecraft:iron_axe":36,"minecraft:iron_boots":1,"minecraft:golden_sword":44,"minecraft:furnace":7,"minecraft:egg":2,"minecraft:cooked_mutton":2,"minecraft:cobblestone_stairs":1,"minecraft:stone_pickaxe":121,"minecraft:baked_potato":8,"minecraft:oak_planks":11,"farmersdelight:golden_knife":2,"minecraft:wooden_pickaxe":24,"minecraft:golden_apple":1,"farmersdelight:onion":4,"minecraft:sand":12,"minecraft:crafting_table":5,"minecraft:white_bed":2,"minecraft:apple":1,"minecraft:dark_oak_log":2,"minecraft:chicken":7,"minecraft:bread":6,"minecraft:iron_pickaxe":30,"minecraft:stone_axe":22,"minecraft:cobblestone":66,"minecraft:cooked_porkchop":4,"minecraft:porkchop":14,"minecraft:experience_bottle":8},"minecraft:mined":{"minecraft:spruce_planks":1,"minecraft:white_bed":2,"minecraft:mossy_cobblestone":3,"minecraft:cobblestone_stairs":1,"minecraft:dark_oak_log":1,"minecraft:grass_block":4,"minecraft:spruce_leaves":7,"minecraft:chiseled_stone_bricks":1,"minecraft:spawner":1,"minecraft:large_fern":3,"minecraft:furnace":8,"minecraft:iron_ore":14,"minecraft:fire":9,"minecraft:stripped_dark_oak_wood":1,"minecraft:azure_bluet":1,"minecraft:bell":1,"minecraft:dirt_path":1,"minecraft:cobblestone_slab":1,"minecraft:vine":1,"iceandfire:frost_lily":1,"minecraft:stone":84,"minecraft:powder_snow":33,"minecraft:oak_fence":1,"minecraft:crafting_table":2,"minecraft:emerald_ore":2,"iceandfire:ghost_chest":1,"minecraft:rose_bush":2,"minecraft:cobblestone":2,"minecraft:tall_grass":2,"minecraft:oak_planks":5,"minecraft:sugar_cane":6,"minecraft:skeleton_skull":2,"domum_ornamentum:blockbarreldeco_standing":1,"minecraft:birch_log":19,"minecraft:spruce_log":19,"minecraft:wither_rose":1,"minecraft:grass":45,"minecraft:oak_log":16,"minecraft:coal_ore":51,"minecraft:dirt":7,"minecraft:sand":12,"minecraft:cobweb":1,"minecraft:fern":3,"minecraft:infested_stone":1},"minecraft:crafted":{"minecraft:wooden_sword":1,"minecraft:oak_planks":76,"minecraft:furnace":1,"minecraft:cooked_mutton":2,"minecraft:iron_boots":1,"minecraft:iron_axe":1,"minecraft:stone_pickaxe":1,"minecraft:chest":3,"minecraft:crafting_table":4,"minecraft:spruce_planks":20,"minecraft:wooden_pickaxe":1,"minecraft:baked_potato":8,"minecraft:iron_sword":1,"minecraft:birch_planks":24,"minecraft:stone_axe":1,"minecraft:air":0,"minecraft:iron_chestplate":1,"minecraft:shield":1,"minecraft:stick":20,"minecraft:iron_ingot":6,"minecraft:iron_pickaxe":1,"minecraft:stone_sword":1,"minecraft:torch":4},"minecraft:killed_by":{"minecraft:creeper":1,"minecraft:skeleton":4},"minecraft:killed":{"minecraft:skeleton":7,"minecraft:chicken":7,"minecraft:silverfish":1,"minecraft:pig":12,"minecraft:sheep":6,"minecraft:pillager":3,"minecraft:zombie":9,"minecraft:cow":3},"minecraft:dropped":{"farmersdelight:tomato_seeds":7,"minecraft:birch_planks":2,"minecraft:wheat_seeds":2,"minecraft:mossy_cobblestone":3,"minecolonies:supplycampdeployer":2,"vampirism:holy_salt":1,"minecraft:crossbow":1,"minecraft:feather":9,"minecraft:cobblestone":1,"minecraft:iron_horse_armor":1,"minecraft:stick":2,"minecraft:flint":1,"farmersdelight:golden_knife":2,"minecraft:fire_charge":1,"farmersdelight:onion":17,"minecraft:gold_nugget":8,"minecraft:wooden_sword":1,"minecraft:chainmail_leggings":1,"minecraft:string":3,"minecraft:stone_axe":1,"minecraft:stone_sword":1,"minecraft:birch_sapling":1,"minecraft:rotten_flesh":7,"vampirism:blood_bottle":2,"minecraft:azure_bluet":1,"minecraft:spruce_planks":1,"minecraft:melon_seeds":3,"minecraft:ladder":1,"minecraft:golden_sword":1,"iceandfire:frost_lily":1,"minecraft:arrow":6,"minecraft:stone_pickaxe":1,"minecraft:wooden_pickaxe":1,"immersiveengineering:seed":4,"iceandfire:manuscript":12},"minecraft:custom":{"minecraft:mob_kills":51,"minecraft:interact_with_crafting_table":17,"minecraft:open_barrel":1,"minecraft:interact_with_campfire":1,"minecraft:bell_ring":31,"minecraft:damage_dealt_resisted":30,"minecraft:leave_game":1,"minecraft:time_since_death":21961,"minecraft:climb_one_cm":5412,"minecraft:sprint_one_cm":282591,"minecraft:walk_one_cm":230370,"minecraft:damage_blocked_by_shield":1120,"minecraft:drop":43,"minecraft:talked_to_villager":1,"minecraft:play_time":117516,"minecraft:deaths":7,"minecraft:sneak_time":2676,"minecraft:walk_under_water_one_cm":5792,"minecraft:jump":2011,"minecraft:walk_on_water_one_cm":10187,"minecraft:total_world_time":117516,"minecraft:interact_with_furnace":21,"minecraft:sleep_in_bed":6,"minecraft:time_since_rest":11592,"minecraft:damage_taken":3429,"minecraft:damage_dealt":6380,"minecraft:fly_one_cm":399701,"minecraft:swim_one_cm":42548,"minecraft:open_chest":38,"minecraft:crouch_one_cm":4672,"minecraft:fall_one_cm":31745}},"DataVersion":2975}