{"stats":{"minecraft:picked_up":{"minecolonies:supplycampdeployer":1,"minecraft:birch_log":6,"minecraft:azure_bluet":1,"minecraft:feather":9,"minecraft:chicken":7,"minecraft:ladder":1,"domum_ornamentum:blockbarreldeco_standing":1,"minecraft:dirt":12,"minecraft:string":1,"minecraft:apple":1,"minecraft:wheat_seeds":2,"iceandfire:frost_lily":1,"minecraft:sugar_cane":16,"minecraft:birch_sapling":1,"farmersdelight:golden_knife":1,"minecraft:oak_planks":6,"minecraft:egg":2,"minecraft:furnace":2,"vampirism:holy_salt":1,"minecraft:raw_iron":7,"minecraft:cooked_porkchop":4,"minecraft:porkchop":8,"minecraft:sand":12,"minecraft:white_bed":2,"minecraft:spruce_log":5,"minecraft:mossy_cobblestone":3,"vampirism:blood_bottle":1,"minecraft:rotten_flesh":24,"immersiveengineering:seed":3,"minecraft:stripped_dark_oak_wood":1,"minecraft:mutton":6,"minecraft:coal":51,"minecraft:white_wool":4,"minecraft:cobblestone":81},"minecraft:broken":{"minecraft:golden_sword":1},"minecraft:used":{"minecraft:stone_sword":37,"minecraft:flint_and_steel":7,"minecraft:stone_pickaxe":121,"minecraft:oak_planks":6,"farmersdelight:golden_knife":2,"minecraft:spruce_planks":9,"minecraft:wooden_pickaxe":24,"minecraft:rotten_flesh":21,"minecraft:golden_apple":1,"minecraft:sand":12,"minecraft:dirt":12,"minecraft:mutton":6,"minecraft:crafting_table":2,"minecraft:apple":1,"minecraft:stripped_dark_oak_wood":1,"minecraft:bread":1,"minecraft:chicken":7,"minecraft:golden_sword":44,"minecraft:cobblestone":7,"minecraft:furnace":3,"minecraft:porkchop":7,"minecraft:cooked_porkchop":4,"minecraft:egg":2},"minecraft:mined":{"minecraft:white_bed":2,"minecraft:mossy_cobblestone":3,"minecraft:powder_snow":11,"minecraft:grass_block":4,"minecraft:tall_grass":2,"minecraft:cobblestone":1,"minecraft:spruce_leaves":1,"minecraft:sugar_cane":6,"minecraft:oak_planks":5,"minecraft:spawner":1,"domum_ornamentum:blockbarreldeco_standing":1,"minecraft:furnace":2,"minecraft:birch_log":6,"minecraft:iron_ore":7,"minecraft:fire":7,"minecraft:spruce_log":5,"minecraft:azure_bluet":1,"minecraft:stripped_dark_oak_wood":1,"minecraft:grass":14,"minecraft:coal_ore":51,"minecraft:dirt_path":1,"minecraft:sand":12,"minecraft:dirt":7,"minecraft:cobweb":1,"iceandfire:frost_lily":1,"minecraft:stone":80},"minecraft:crafted":{"minecraft:wooden_sword":1,"minecraft:crafting_table":2,"minecraft:spruce_planks":20,"minecraft:wooden_pickaxe":1,"minecraft:iron_sword":1,"minecraft:furnace":1,"minecraft:birch_planks":16,"minecraft:stone_axe":1,"minecraft:air":0,"minecraft:stick":12,"minecraft:iron_pickaxe":1,"minecraft:iron_ingot":6,"minecraft:stone_pickaxe":1,"minecraft:stone_sword":1},"minecraft:killed_by":{"minecraft:skeleton":1,"minecraft:creeper":1},"minecraft:killed":{"minecraft:pig":5,"minecraft:sheep":4,"minecraft:zombie":9,"minecraft:chicken":7},"minecraft:dropped":{"farmersdelight:tomato_seeds":7,"minecraft:wheat_seeds":2,"minecraft:stone_sword":1,"minecraft:mossy_cobblestone":3,"minecolonies:supplycampdeployer":2,"vampirism:holy_salt":1,"minecraft:birch_sapling":1,"minecraft:feather":9,"minecraft:rotten_flesh":7,"minecraft:azure_bluet":1,"farmersdelight:golden_knife":1,"minecraft:spruce_planks":1,"minecraft:melon_seeds":3,"minecraft:ladder":1,"iceandfire:frost_lily":1,"minecraft:golden_sword":1,"minecraft:wooden_sword":1,"minecraft:gold_nugget":8,"minecraft:stone_pickaxe":1,"minecraft:wooden_pickaxe":1,"minecraft:string":3,"immersiveengineering:seed":3},"minecraft:custom":{"minecraft:interact_with_furnace":13,"minecraft:mob_kills":26,"minecraft:interact_with_crafting_table":9,"minecraft:open_barrel":1,"minecraft:interact_with_campfire":1,"minecraft:damage_dealt_resisted":30,"minecraft:leave_game":1,"minecraft:time_since_death":29302,"minecraft:sleep_in_bed":4,"minecraft:climb_one_cm":3313,"minecraft:time_since_rest":18525,"minecraft:sprint_one_cm":147493,"minecraft:damage_taken":1955,"minecraft:walk_one_cm":127072,"minecraft:drop":26,"minecraft:damage_dealt":2963,"minecraft:swim_one_cm":40408,"minecraft:fly_one_cm":233911,"minecraft:open_chest":8,"minecraft:crouch_one_cm":4303,"minecraft:play_time":69516,"minecraft:deaths":4,"minecraft:sneak_time":2435,"minecraft:walk_under_water_one_cm":5629,"minecraft:jump":1073,"minecraft:walk_on_water_one_cm":8148,"minecraft:total_world_time":69516,"minecraft:fall_one_cm":16973}},"DataVersion":2975}