{"stats":{"minecraft:picked_up":{"minecolonies:supplycampdeployer":1,"minecraft:crafting_table":2,"minecraft:azure_bluet":1,"minecraft:chicken":7,"minecraft:ladder":1,"minecraft:wither_rose":1,"iceandfire:manuscript":12,"minecraft:string":1,"minecraft:iron_leggings":1,"minecraft:spruce_planks":1,"iceandfire:frost_lily":1,"minecraft:sugar_cane":16,"farmersdelight:golden_knife":1,"minecraft:birch_sapling":1,"minecraft:furnace":8,"minecraft:egg":2,"vampirism:holy_salt":1,"minecraft:stick":2,"minecraft:raw_iron":14,"iceandfire:dragonbone":33,"iceandfire:ghost_chest":1,"minecraft:porkchop":15,"iceandfire:dragon_skull_ice":1,"minecraft:arrow":3,"minecraft:rotten_flesh":24,"vampirism:blood_bottle":2,"minecraft:stripped_dark_oak_wood":1,"minecraft:mutton":9,"minecraft:skeleton_skull":3,"minecraft:white_wool":6,"minecraft:cobblestone":86,"minecraft:birch_log":6,"minecraft:feather":9,"domum_ornamentum:blockbarreldeco_standing":1,"minecraft:cobblestone_stairs":1,"minecraft:dirt":12,"minecraft:bone":10,"minecraft:apple":1,"minecraft:wheat_seeds":2,"minecraft:iron_ingot":3,"minecraft:oak_planks":6,"minecraft:cooked_porkchop":4,"minecraft:sand":12,"minecraft:white_bed":2,"minecraft:spruce_log":19,"minecraft:dark_oak_log":1,"minecraft:mossy_cobblestone":3,"immersiveengineering:seed":3,"minecraft:chainmail_leggings":1,"minecraft:crossbow":1,"minecraft:emerald":2,"minecraft:coal":99},"minecraft:broken":{"minecraft:golden_sword":1},"minecraft:used":{"minecraft:stone_sword":37,"minecraft:flint_and_steel":9,"minecraft:spruce_planks":9,"minecraft:shield":13,"minecraft:iron_sword":48,"minecraft:rotten_flesh":21,"minecraft:torch":4,"minecraft:dirt":12,"minecraft:mutton":6,"minecraft:stripped_dark_oak_wood":1,"minecraft:iron_boots":1,"minecraft:golden_sword":44,"minecraft:furnace":6,"minecraft:egg":2,"minecraft:cobblestone_stairs":1,"minecraft:stone_pickaxe":121,"minecraft:baked_potato":8,"minecraft:oak_planks":6,"farmersdelight:golden_knife":2,"minecraft:wooden_pickaxe":24,"minecraft:golden_apple":1,"farmersdelight:onion":4,"minecraft:sand":12,"minecraft:crafting_table":3,"minecraft:white_bed":2,"minecraft:apple":1,"minecraft:dark_oak_log":2,"minecraft:chicken":7,"minecraft:bread":1,"minecraft:iron_pickaxe":29,"minecraft:stone_axe":22,"minecraft:cobblestone":66,"minecraft:cooked_porkchop":4,"minecraft:porkchop":11,"minecraft:experience_bottle":1},"minecraft:mined":{"minecraft:spruce_planks":1,"minecraft:white_bed":2,"minecraft:mossy_cobblestone":3,"minecraft:cobblestone_stairs":1,"minecraft:dark_oak_log":1,"minecraft:grass_block":4,"minecraft:spruce_leaves":5,"minecraft:chiseled_stone_bricks":1,"minecraft:spawner":1,"minecraft:furnace":8,"minecraft:iron_ore":14,"minecraft:fire":9,"minecraft:stripped_dark_oak_wood":1,"minecraft:azure_bluet":1,"minecraft:dirt_path":1,"minecraft:cobblestone_slab":1,"minecraft:vine":1,"iceandfire:frost_lily":1,"minecraft:stone":84,"minecraft:powder_snow":33,"minecraft:crafting_table":2,"minecraft:emerald_ore":2,"iceandfire:ghost_chest":1,"minecraft:cobblestone":2,"minecraft:tall_grass":2,"minecraft:oak_planks":5,"minecraft:sugar_cane":6,"minecraft:skeleton_skull":2,"domum_ornamentum:blockbarreldeco_standing":1,"minecraft:birch_log":6,"minecraft:spruce_log":19,"minecraft:wither_rose":1,"minecraft:grass":17,"minecraft:coal_ore":51,"minecraft:dirt":7,"minecraft:sand":12,"minecraft:cobweb":1,"minecraft:fern":3,"minecraft:infested_stone":1},"minecraft:crafted":{"minecraft:wooden_sword":1,"minecraft:furnace":1,"minecraft:iron_boots":1,"minecraft:stone_pickaxe":1,"minecraft:crafting_table":2,"minecraft:spruce_planks":20,"minecraft:wooden_pickaxe":1,"minecraft:baked_potato":8,"minecraft:iron_sword":1,"minecraft:birch_planks":24,"minecraft:stone_axe":1,"minecraft:air":0,"minecraft:iron_chestplate":1,"minecraft:shield":1,"minecraft:stick":16,"minecraft:iron_ingot":6,"minecraft:iron_pickaxe":1,"minecraft:stone_sword":1,"minecraft:torch":4},"minecraft:killed_by":{"minecraft:creeper":1,"minecraft:skeleton":3},"minecraft:killed":{"minecraft:skeleton":4,"minecraft:chicken":7,"minecraft:silverfish":1,"minecraft:pig":9,"minecraft:sheep":6,"minecraft:pillager":3,"minecraft:zombie":9},"minecraft:dropped":{"farmersdelight:tomato_seeds":7,"minecraft:wheat_seeds":2,"minecraft:mossy_cobblestone":3,"minecolonies:supplycampdeployer":2,"vampirism:holy_salt":1,"minecraft:crossbow":1,"minecraft:feather":9,"minecraft:cobblestone":1,"minecraft:iron_horse_armor":1,"minecraft:flint":1,"farmersdelight:golden_knife":2,"minecraft:fire_charge":1,"farmersdelight:onion":17,"minecraft:gold_nugget":8,"minecraft:wooden_sword":1,"minecraft:chainmail_leggings":1,"minecraft:string":3,"minecraft:stone_sword":1,"minecraft:birch_sapling":1,"minecraft:rotten_flesh":7,"vampirism:blood_bottle":2,"minecraft:azure_bluet":1,"minecraft:spruce_planks":1,"minecraft:melon_seeds":3,"minecraft:ladder":1,"minecraft:golden_sword":1,"iceandfire:frost_lily":1,"minecraft:arrow":5,"minecraft:stone_pickaxe":1,"minecraft:wooden_pickaxe":1,"immersiveengineering:seed":3,"iceandfire:manuscript":12},"minecraft:custom":{"minecraft:mob_kills":42,"minecraft:interact_with_crafting_table":12,"minecraft:open_barrel":1,"minecraft:interact_with_campfire":1,"minecraft:damage_dealt_resisted":30,"minecraft:leave_game":1,"minecraft:time_since_death":3114,"minecraft:climb_one_cm":3313,"minecraft:sprint_one_cm":204043,"minecraft:walk_one_cm":197629,"minecraft:damage_blocked_by_shield":520,"minecraft:drop":38,"minecraft:play_time":93516,"minecraft:deaths":6,"minecraft:sneak_time":2479,"minecraft:walk_under_water_one_cm":5629,"minecraft:jump":1609,"minecraft:walk_on_water_one_cm":8148,"minecraft:total_world_time":93516,"minecraft:interact_with_furnace":18,"minecraft:sleep_in_bed":5,"minecraft:time_since_rest":3148,"minecraft:damage_taken":3089,"minecraft:damage_dealt":5102,"minecraft:fly_one_cm":312853,"minecraft:swim_one_cm":40408,"minecraft:open_chest":13,"minecraft:crouch_one_cm":4457,"minecraft:fall_one_cm":26312}},"DataVersion":2975}