{"stats":{"minecraft:custom":{"minecraft:jump":76,"minecraft:time_since_rest":509,"minecraft:damage_dealt":138,"minecraft:deaths":1,"minecraft:leave_game":1,"minecraft:play_time":2417,"minecraft:sprint_one_cm":9604,"minecraft:damage_taken":260,"minecraft:time_since_death":456,"minecraft:walk_one_cm":1747,"minecraft:total_world_time":2417,"minecraft:fall_one_cm":1254,"minecraft:fly_one_cm":18557},"minecraft:killed_by":{"minecraft:pillager":1},"minecraft:picked_up":{"minecraft:torch":2}},"DataVersion":2975}