{"stats":{"minecraft:crafted":{"minecraft:wooden_shovel":1,"minecraft:crafting_table":2,"minecraft:spruce_planks":28,"minecraft:birch_boat":1,"minecraft:birch_planks":12,"minecraft:bread":9,"minecraft:stick":8,"minecraft:iron_pickaxe":1,"minecraft:white_bed":1,"minecraft:torch":8,"minecraft:wheat":27},"minecraft:custom":{"minecraft:interact_with_furnace":2,"minecraft:mob_kills":24,"minecraft:tune_noteblock":9,"minecraft:interact_with_crafting_table":6,"minecraft:bell_ring":1,"minecraft:damage_dealt_resisted":272,"minecraft:leave_game":1,"minecraft:time_since_death":36548,"minecraft:sleep_in_bed":3,"minecraft:climb_one_cm":4221,"minecraft:time_since_rest":6,"minecraft:sprint_one_cm":230997,"minecraft:damage_taken":2410,"minecraft:walk_one_cm":280369,"minecraft:damage_dealt":3187,"minecraft:swim_one_cm":53947,"minecraft:talked_to_villager":2,"minecraft:fly_one_cm":250993,"minecraft:open_chest":4,"minecraft:crouch_one_cm":1365,"minecraft:play_time":80417,"minecraft:deaths":6,"minecraft:sneak_time":357,"minecraft:walk_under_water_one_cm":42094,"minecraft:boat_one_cm":49062,"minecraft:jump":1886,"minecraft:walk_on_water_one_cm":28533,"minecraft:total_world_time":80417,"minecraft:fall_one_cm":36161},"minecraft:killed_by":{"vampirism:advanced_vampire":1,"minecraft:pillager":1,"minecraft:enderman":1,"minecraft:drowned":1,"iceandfire:sea_serpent":2},"minecraft:killed":{"vampirism:vampire":1,"minecraft:pig":1,"minecraft:spider":3,"minecraft:creeper":1,"minecraft:sheep":10,"minecraft:zombie":5,"minecraft:chicken":2},"minecraft:mined":{"minecraft:spruce_planks":3,"minecraft:kelp_plant":5,"minecraft:powder_snow":8,"minecraft:crafting_table":1,"minecraft:grass_block":3,"botania:black_double_flower":1,"minecraft:sugar_cane":5,"minecraft:kelp":1,"minecraft:hay_block":4,"farmersdelight:wild_onions":2,"indreb:rubber_leaves":9,"minecraft:carrots":1,"minecraft:birch_log":3,"minecraft:iron_ore":15,"minecraft:spruce_log":7,"minecraft:birch_leaves":1,"minecraft:pumpkin":2,"minecraft:grass":16,"minecraft:coal_ore":17,"minecraft:potatoes":1,"minecraft:oak_log":16,"minecraft:beetroots":1,"iceandfire:frost_lily":2,"immersiveengineering:ore_lead":1,"minecraft:stone":9,"botania:light_blue_mystical_flower":1,"minecraft:oak_leaves":9,"indreb:tin_ore":5},"minecraft:picked_up":{"minecraft:birch_log":3,"minecraft:crafting_table":1,"minecraft:iron_chestplate":1,"minecraft:allium":4,"relics:roller_skates":1,"minecraft:feather":1,"minecraft:chicken":2,"minecraft:diamond_sword":1,"botania:black_double_flower":1,"minecraft:potato":1,"minecraft:oak_log":16,"indreb:rubber_sapling":1,"minecraft:string":2,"minecraft:dirt":3,"botania:light_blue_mystical_flower":1,"minecraft:apple":2,"minecraft:beetroot":1,"minecraft:wheat_seeds":2,"minecraft:spruce_planks":3,"iceandfire:frost_lily":2,"minecraft:sugar_cane":8,"sophisticatedbackpacks:diamond_backpack":1,"minecraft:egg":9,"minecraft:raw_iron":15,"iceandfire:dragonbone":13,"minecraft:pumpkin":2,"minecraft:torch":3,"minecraft:porkchop":3,"minecraft:carrot":5,"minecraft:spruce_log":7,"iceandfire:dragon_skull_ice":1,"artifacts:helium_flamingo":1,"minecraft:rotten_flesh":2,"immersiveengineering:seed":2,"minecraft:beetroot_seeds":3,"farmersdelight:onion":2,"minecraft:hay_block":4,"minecraft:golden_apple":6,"minecraft:oak_sapling":3,"indreb:raw_tin":4,"minecraft:mutton":12,"minecraft:coal":17,"minecraft:cobblestone":7,"minecraft:white_wool":7},"minecraft:used":{"minecraft:spruce_planks":7,"minecraft:birch_boat":1,"minecraft:torch":5,"minecraft:golden_apple":2,"minecraft:crafting_table":3,"minecraft:carrot":10,"minecraft:white_bed":1,"minecraft:bread":9,"minecraft:iron_pickaxe":47,"minecraft:diamond_sword":69,"minecraft:oak_sapling":3}},"DataVersion":2975}