{"stats":{"minecraft:crafted":{"minecraft:wooden_shovel":1,"minecraft:spruce_planks":28,"minecraft:crafting_table":1,"minecraft:stick":4,"minecraft:birch_boat":1,"minecraft:birch_planks":12},"minecraft:custom":{"minecraft:time_since_rest":574,"minecraft:sprint_one_cm":135337,"minecraft:damage_taken":1954,"minecraft:walk_one_cm":170716,"minecraft:mob_kills":11,"minecraft:damage_dealt":1050,"minecraft:swim_one_cm":32325,"minecraft:interact_with_crafting_table":1,"minecraft:fly_one_cm":144131,"minecraft:open_chest":1,"minecraft:crouch_one_cm":1365,"minecraft:play_time":44417,"minecraft:deaths":6,"minecraft:sneak_time":354,"minecraft:walk_under_water_one_cm":36220,"minecraft:boat_one_cm":49062,"minecraft:jump":1017,"minecraft:leave_game":1,"minecraft:walk_on_water_one_cm":19815,"minecraft:time_since_death":548,"minecraft:sleep_in_bed":1,"minecraft:total_world_time":44417,"minecraft:fall_one_cm":16746},"minecraft:killed_by":{"vampirism:advanced_vampire":1,"minecraft:drowned":1,"iceandfire:sea_serpent":2,"minecraft:pillager":1,"minecraft:enderman":1},"minecraft:killed":{"minecraft:sheep":7,"minecraft:pig":1,"minecraft:chicken":2,"minecraft:spider":1},"minecraft:mined":{"indreb:rubber_leaves":9,"farmersdelight:wild_onions":2,"minecraft:spruce_planks":3,"minecraft:carrots":1,"minecraft:kelp_plant":1,"minecraft:birch_log":3,"minecraft:spruce_log":7,"minecraft:powder_snow":8,"minecraft:birch_leaves":1,"minecraft:pumpkin":2,"minecraft:grass":9,"minecraft:potatoes":1,"minecraft:beetroots":1,"botania:black_double_flower":1,"minecraft:kelp":1,"botania:light_blue_mystical_flower":1,"minecraft:sugar_cane":5},"minecraft:picked_up":{"minecraft:birch_log":3,"relics:roller_skates":1,"minecraft:iron_chestplate":1,"minecraft:allium":4,"minecraft:feather":1,"minecraft:chicken":2,"minecraft:pumpkin":2,"minecraft:torch":2,"minecraft:diamond_sword":1,"botania:black_double_flower":1,"minecraft:potato":1,"minecraft:porkchop":3,"minecraft:spruce_log":7,"minecraft:carrot":5,"indreb:rubber_sapling":1,"botania:light_blue_mystical_flower":1,"artifacts:helium_flamingo":1,"minecraft:beetroot":1,"immersiveengineering:seed":1,"minecraft:beetroot_seeds":3,"minecraft:wheat_seeds":2,"farmersdelight:onion":2,"minecraft:spruce_planks":3,"minecraft:golden_apple":6,"minecraft:sugar_cane":8,"minecraft:mutton":7,"minecraft:white_wool":3,"sophisticatedbackpacks:diamond_backpack":1,"minecraft:egg":5},"minecraft:used":{"minecraft:spruce_planks":7,"minecraft:birch_boat":1,"minecraft:golden_apple":2,"minecraft:diamond_sword":22,"minecraft:crafting_table":1,"minecraft:carrot":10}},"DataVersion":2975}