{"stats":{"minecraft:crafted":{"minecraft:wooden_shovel":1,"minecraft:crafting_table":1,"minecraft:stick":4,"minecraft:birch_boat":1,"minecraft:birch_planks":12},"minecraft:custom":{"minecraft:time_since_rest":3142,"minecraft:sprint_one_cm":63261,"minecraft:damage_taken":1140,"minecraft:walk_one_cm":96581,"minecraft:mob_kills":1,"minecraft:damage_dealt":298,"minecraft:swim_one_cm":26623,"minecraft:interact_with_crafting_table":1,"minecraft:fly_one_cm":63451,"minecraft:open_chest":1,"minecraft:play_time":20417,"minecraft:deaths":4,"minecraft:sneak_time":1,"minecraft:walk_under_water_one_cm":6091,"minecraft:boat_one_cm":14772,"minecraft:jump":509,"minecraft:leave_game":1,"minecraft:walk_on_water_one_cm":14990,"minecraft:time_since_death":3099,"minecraft:sleep_in_bed":1,"minecraft:total_world_time":20417,"minecraft:fall_one_cm":6146},"minecraft:killed_by":{"minecraft:drowned":1,"iceandfire:sea_serpent":1,"minecraft:pillager":1,"minecraft:enderman":1},"minecraft:killed":{"minecraft:spider":1},"minecraft:mined":{"indreb:rubber_leaves":9,"farmersdelight:wild_onions":2,"minecraft:carrots":1,"minecraft:kelp_plant":1,"minecraft:birch_log":3,"minecraft:birch_leaves":1,"minecraft:pumpkin":2,"minecraft:grass":4,"minecraft:potatoes":1,"minecraft:beetroots":1,"botania:black_double_flower":1,"minecraft:kelp":1,"botania:light_blue_mystical_flower":1,"minecraft:sugar_cane":5},"minecraft:picked_up":{"minecraft:birch_log":3,"minecraft:allium":4,"minecraft:pumpkin":2,"minecraft:torch":2,"botania:black_double_flower":1,"minecraft:potato":1,"minecraft:carrot":5,"indreb:rubber_sapling":1,"botania:light_blue_mystical_flower":1,"minecraft:beetroot":1,"immersiveengineering:seed":1,"minecraft:beetroot_seeds":3,"minecraft:wheat_seeds":1,"farmersdelight:onion":2,"minecraft:sugar_cane":8,"minecraft:egg":1},"minecraft:used":{"minecraft:birch_boat":1,"minecraft:crafting_table":1}},"DataVersion":2975}