{"stats":{"minecraft:dropped":{"iceandfire:manuscript":3},"minecraft:custom":{"minecraft:interact_with_furnace":11,"minecraft:mob_kills":32,"minecraft:animals_bred":2,"minecraft:tune_noteblock":9,"minecraft:interact_with_crafting_table":19,"minecraft:bell_ring":1,"minecraft:damage_dealt_resisted":272,"minecraft:leave_game":1,"minecraft:time_since_death":72548,"minecraft:sleep_in_bed":4,"minecraft:climb_one_cm":14506,"minecraft:time_since_rest":34,"minecraft:sprint_one_cm":314413,"minecraft:damage_taken":2570,"minecraft:walk_one_cm":369586,"minecraft:drop":1,"minecraft:damage_dealt":4768,"minecraft:swim_one_cm":64665,"minecraft:talked_to_villager":2,"minecraft:fly_one_cm":358360,"minecraft:open_chest":4,"minecraft:crouch_one_cm":1365,"minecraft:play_time":116417,"minecraft:deaths":6,"minecraft:sneak_time":376,"minecraft:walk_under_water_one_cm":46307,"minecraft:boat_one_cm":49062,"minecraft:jump":2385,"minecraft:walk_on_water_one_cm":41197,"minecraft:total_world_time":116417,"minecraft:fall_one_cm":48520,"minecraft:horse_one_cm":8154},"minecraft:crafted":{"minecraft:glass_bottle":9,"minecraft:coal_block":1,"minecraft:oak_planks":156,"minecraft:wooden_shovel":1,"minecraft:crafting_table":3,"minecraft:spruce_planks":28,"minecraft:birch_boat":1,"vampirism:coffin":1,"minecraft:bucket":1,"minecraft:birch_planks":12,"minecraft:spruce_fence":3,"minecraft:bread":9,"minecraft:air":0,"minecraft:glass":64,"vampirism:altar_inspiration":1,"minecraft:iron_axe":1,"minecraft:iron_hoe":1,"minecraft:stick":136,"minecraft:iron_ingot":7,"minecraft:iron_pickaxe":1,"minecraft:white_bed":1,"vampirism:blood_container":1,"minecraft:torch":8,"minecraft:oak_fence":66,"minecraft:wheat":36},"minecraft:killed_by":{"vampirism:advanced_vampire":1,"minecraft:pillager":1,"minecraft:enderman":1,"minecraft:drowned":1,"iceandfire:sea_serpent":2},"minecraft:killed":{"vampirism:vampire":2,"minecraft:pig":1,"minecraft:spider":6,"minecraft:creeper":1,"minecraft:skeleton":2,"minecraft:sheep":10,"minecraft:zombie":7,"minecraft:chicken":2},"minecraft:mined":{"minecraft:spruce_planks":3,"minecraft:kelp_plant":5,"botania:red_mystical_flower":4,"minecraft:dandelion":18,"minecraft:powder_snow":8,"minecraft:cornflower":5,"minecraft:crafting_table":1,"minecraft:poppy":9,"minecraft:grass_block":11,"minecraft:tall_grass":23,"botania:black_double_flower":1,"minecraft:sugar_cane":7,"minecraft:kelp":1,"minecraft:hay_block":4,"farmersdelight:wild_onions":2,"indreb:rubber_leaves":9,"botania:purple_mystical_flower":2,"minecraft:carrots":1,"minecraft:birch_log":3,"minecraft:iron_ore":15,"minecraft:spruce_log":7,"minecraft:birch_leaves":1,"minecraft:pumpkin":2,"minecraft:azure_bluet":2,"minecraft:grass":178,"minecraft:coal_ore":17,"minecraft:potatoes":1,"minecraft:oak_log":39,"minecraft:beetroots":1,"minecraft:sand":64,"iceandfire:frost_lily":2,"immersiveengineering:ore_lead":1,"minecraft:stone":9,"botania:light_blue_mystical_flower":1,"minecraft:oak_leaves":12,"indreb:tin_ore":8},"minecraft:picked_up":{"minecraft:birch_log":3,"minecraft:crafting_table":1,"minecraft:iron_chestplate":1,"minecraft:allium":4,"relics:roller_skates":1,"minecraft:azure_bluet":2,"minecraft:feather":1,"minecraft:chicken":2,"minecraft:diamond_sword":1,"botania:black_double_flower":1,"minecraft:potato":1,"minecraft:oak_log":39,"minecraft:cornflower":5,"iceandfire:manuscript":3,"indreb:rubber_sapling":1,"minecraft:string":2,"minecraft:dirt":11,"botania:light_blue_mystical_flower":1,"minecraft:apple":2,"minecraft:beetroot":1,"minecraft:wheat_seeds":22,"botania:purple_mystical_flower":1,"minecraft:spruce_planks":3,"iceandfire:frost_lily":2,"minecraft:poppy":9,"minecraft:sugar_cane":10,"sophisticatedbackpacks:diamond_backpack":1,"minecraft:egg":9,"botania:red_mystical_flower":4,"minecraft:stick":5,"minecraft:raw_iron":15,"iceandfire:dragonbone":13,"minecraft:pumpkin":2,"minecraft:torch":3,"minecraft:dandelion":22,"minecraft:sand":64,"minecraft:porkchop":3,"vampirism:vampire_fang":1,"minecraft:carrot":5,"minecraft:spruce_log":7,"minecraft:arrow":1,"iceandfire:dragon_skull_ice":1,"artifacts:helium_flamingo":1,"minecraft:rotten_flesh":4,"immersiveengineering:seed":28,"minecraft:beetroot_seeds":3,"farmersdelight:onion":2,"minecraft:hay_block":4,"minecraft:golden_apple":6,"minecraft:oak_sapling":6,"indreb:raw_tin":7,"minecraft:mutton":12,"minecraft:coal":17,"minecraft:cobblestone":7,"minecraft:white_wool":7},"minecraft:used":{"minecraft:water_bucket":5,"minecraft:oak_fence":21,"vampirism:coffin":1,"vampirism:altar_inspiration":1,"minecraft:poppy":9,"minecraft:spruce_planks":7,"minecraft:birch_boat":1,"vampirism:blood_container":1,"minecraft:sugar_cane":2,"minecraft:torch":9,"minecraft:golden_apple":2,"minecraft:crafting_table":4,"minecraft:carrot":10,"minecraft:white_bed":1,"minecraft:spruce_fence":3,"minecraft:iron_hoe":63,"minecraft:iron_axe":25,"minecraft:bread":9,"minecraft:iron_pickaxe":50,"minecraft:diamond_sword":93,"minecraft:oak_sapling":6,"minecraft:bucket":5,"minecraft:wheat_seeds":22,"minecraft:dandelion":13}},"DataVersion":2975}