{"stats":{"minecraft:crafted":{"minecraft:wooden_shovel":1,"minecraft:crafting_table":1,"minecraft:spruce_planks":28,"minecraft:birch_boat":1,"minecraft:birch_planks":12,"minecraft:bread":9,"minecraft:stick":4,"minecraft:wheat":27},"minecraft:custom":{"minecraft:interact_with_furnace":1,"minecraft:mob_kills":11,"minecraft:interact_with_crafting_table":3,"minecraft:bell_ring":1,"minecraft:leave_game":1,"minecraft:time_since_death":12548,"minecraft:sleep_in_bed":2,"minecraft:time_since_rest":7231,"minecraft:sprint_one_cm":172877,"minecraft:damage_taken":2088,"minecraft:walk_one_cm":230197,"minecraft:damage_dealt":1050,"minecraft:swim_one_cm":53597,"minecraft:talked_to_villager":2,"minecraft:fly_one_cm":172801,"minecraft:open_chest":3,"minecraft:crouch_one_cm":1365,"minecraft:play_time":56417,"minecraft:deaths":6,"minecraft:sneak_time":357,"minecraft:walk_under_water_one_cm":39186,"minecraft:boat_one_cm":49062,"minecraft:jump":1306,"minecraft:walk_on_water_one_cm":22770,"minecraft:total_world_time":56417,"minecraft:fall_one_cm":20902},"minecraft:killed_by":{"vampirism:advanced_vampire":1,"minecraft:pillager":1,"minecraft:enderman":1,"minecraft:drowned":1,"iceandfire:sea_serpent":2},"minecraft:killed":{"minecraft:pig":1,"minecraft:spider":1,"minecraft:sheep":7,"minecraft:chicken":2},"minecraft:mined":{"minecraft:spruce_planks":3,"minecraft:kelp_plant":5,"minecraft:powder_snow":8,"minecraft:crafting_table":1,"minecraft:grass_block":2,"botania:black_double_flower":1,"minecraft:sugar_cane":5,"minecraft:kelp":1,"minecraft:hay_block":4,"farmersdelight:wild_onions":2,"indreb:rubber_leaves":9,"minecraft:carrots":1,"minecraft:birch_log":3,"minecraft:spruce_log":7,"minecraft:birch_leaves":1,"minecraft:pumpkin":2,"minecraft:grass":9,"minecraft:potatoes":1,"minecraft:beetroots":1,"iceandfire:frost_lily":2,"botania:light_blue_mystical_flower":1},"minecraft:picked_up":{"minecraft:birch_log":3,"minecraft:crafting_table":1,"minecraft:iron_chestplate":1,"minecraft:allium":4,"relics:roller_skates":1,"minecraft:feather":1,"minecraft:chicken":2,"minecraft:diamond_sword":1,"botania:black_double_flower":1,"minecraft:potato":1,"indreb:rubber_sapling":1,"minecraft:dirt":2,"botania:light_blue_mystical_flower":1,"minecraft:beetroot":1,"minecraft:wheat_seeds":2,"minecraft:spruce_planks":3,"iceandfire:frost_lily":2,"minecraft:sugar_cane":8,"sophisticatedbackpacks:diamond_backpack":1,"minecraft:egg":5,"iceandfire:dragonbone":5,"minecraft:pumpkin":2,"minecraft:torch":2,"minecraft:porkchop":3,"minecraft:carrot":5,"minecraft:spruce_log":7,"artifacts:helium_flamingo":1,"immersiveengineering:seed":1,"minecraft:beetroot_seeds":3,"farmersdelight:onion":2,"minecraft:hay_block":4,"minecraft:golden_apple":6,"minecraft:mutton":7,"minecraft:white_wool":3},"minecraft:used":{"minecraft:spruce_planks":7,"minecraft:birch_boat":1,"minecraft:golden_apple":2,"minecraft:crafting_table":1,"minecraft:carrot":10,"minecraft:bread":3,"minecraft:diamond_sword":26}},"DataVersion":2975}