{"stats":{"minecraft:broken":{"minecraft:wooden_shovel":1,"minecraft:stone_axe":3,"minecraft:wooden_axe":1,"minecraft:iron_pickaxe":1},"minecraft:custom":{"minecraft:interact_with_crafting_table":51,"minecraft:open_barrel":32,"minecraft:leave_game":4,"minecraft:time_since_death":92863,"minecraft:sprint_one_cm":1245001,"minecraft:damage_blocked_by_shield":160,"minecraft:drop":86,"minecraft:talked_to_villager":9,"minecraft:play_time":290518,"minecraft:deaths":7,"minecraft:jump":4521,"minecraft:walk_on_water_one_cm":30385,"minecraft:interact_with_furnace":15,"minecraft:traded_with_villager":3,"minecraft:interact_with_cartography_table":1,"minecraft:sleep_in_bed":4,"minecraft:damage_dealt":22095,"minecraft:crouch_one_cm":86986,"minecraft:inspect_dispenser":2,"minecraft:horse_one_cm":4394,"minecraft:mob_kills":108,"minecraft:damage_dealt_resisted":1451,"minecraft:climb_one_cm":14208,"minecraft:walk_one_cm":364265,"minecraft:damage_dealt_absorbed":109,"vampirism:infected_creatures":29,"minecraft:sneak_time":31540,"minecraft:walk_under_water_one_cm":40234,"minecraft:interact_with_blast_furnace":3,"minecraft:total_world_time":290518,"minecraft:time_since_rest":16,"minecraft:damage_taken":506324,"minecraft:damage_absorbed":40,"minecraft:trigger_trapped_chest":2,"minecraft:swim_one_cm":274568,"minecraft:fly_one_cm":960663,"minecraft:open_chest":46,"minecraft:fall_one_cm":104382},"minecraft:crafted":{"minecraft:oak_planks":148,"immersiveengineering:hammer":1,"vampirism:coffin":1,"minecraft:glass":34,"vampirism:blood_bottle":9,"minecraft:chest":1,"structurize:sceptergold":1,"minecraft:glass_bottle":27,"minecraft:wooden_shovel":3,"sophisticatedbackpacks:backpack":1,"minecraft:crafting_table":4,"minecraft:wooden_pickaxe":2,"minecraft:clock":2,"minecraft:birch_planks":36,"minecraft:shield":1,"minecraft:golden_leggings":1,"minecraft:diamond_pickaxe":1,"minecraft:stick":52,"minecraft:iron_ingot":3,"minecraft:iron_pickaxe":2,"minecraft:gold_ingot":13,"minecraft:sandstone":5,"minecraft:coal":36,"minecraft:stone_shovel":1,"minecraft:furnace":2,"minecraft:stone_pickaxe":3,"minecraft:bucket":1,"minecraft:stone_axe":5,"minecraft:bread":1,"minecraft:air":0,"minecraft:white_wool":3,"minecraft:wooden_axe":3,"minecraft:torch":20},"minecraft:used":{"minecraft:blue_terracotta":2,"vampirism:heart_striker_enhanced":16,"minecraft:shield":7,"minecraft:iron_sword":70,"minecraft:rotten_flesh":4,"minecraft:carrot":9,"minecraft:glass":1,"vampirism:item_tent":1,"minecraft:lava_bucket":6,"minecraft:stone_brick_stairs":2,"minecraft:stone_bricks":14,"minecraft:furnace":2,"minecraft:egg":5,"minecraft:mossy_stone_bricks":1,"minecraft:stone_pickaxe":186,"minecraft:oak_planks":90,"minecraft:wooden_pickaxe":21,"minecraft:sandstone":9,"minecraft:golden_apple":2,"minecraft:glow_berries":7,"minecraft:sand":7,"minecraft:black_bed":2,"vampirism:armor_of_swiftness_feet_ultimate":1,"furnish:rare_english_plate":1,"minecraft:lilac":3,"minecraft:andesite":3,"minecraft:stone_shovel":8,"minecraft:wooden_shovel":95,"minecraft:netherrack":76,"minecraft:torch":38,"minecraft:dirt":47,"minecraft:wooden_axe":85,"minecraft:iron_boots":1,"minecraft:basalt":5,"minecraft:cobbled_deepslate":10,"minecraft:wheat_seeds":12,"minecraft:water_bucket":7,"vampirism:coffin":1,"minecraft:birch_planks":32,"minecraft:glass_bottle":4,"farmersdelight:golden_knife":2,"minecraft:cracked_stone_bricks":3,"farmersdelight:onion":5,"minecraft:tnt":6,"minecraft:crafting_table":23,"minecraft:diamond_pickaxe":24,"minecraft:iron_pickaxe":272,"minecraft:golden_leggings":1,"minecraft:stone_axe":280,"minecraft:cobblestone":140,"minecraft:potion":4,"minecraft:bucket":14,"minecraft:splash_potion":1},"minecraft:mined":{"minecraft:white_bed":1,"minecraft:grass_block":20,"minecraft:coal_block":14,"minecraft:spawner":11,"minecraft:polished_blackstone_bricks":1,"minecraft:iron_ore":15,"minecraft:fire":8,"minecraft:cobbled_deepslate":1,"vampirism:tent":9,"vampirism:coffin":1,"minecraft:smooth_sandstone_stairs":2,"botania:orange_mystical_flower":1,"minecraft:kelp_plant":1,"minecraft:clay":1,"minecraft:torch":1,"indreb:lead_ore":5,"minecraft:melon":2,"minecraft:cobblestone":33,"minecraft:sugar_cane":5,"minecraft:oak_planks":46,"minecraft:wall_torch":1,"minecraft:blue_terracotta":4,"minecraft:dark_oak_slab":1,"indreb:deepslate_uranium_ore":2,"minecraft:birch_log":9,"minecraft:wheat":13,"minecraft:lilac":3,"minecraft:tnt":6,"minecraft:black_bed":2,"minecraft:stone_brick_stairs":4,"minecraft:grass":33,"minecraft:oak_log":37,"minecraft:sand":45,"minecraft:dirt":40,"minecraft:netherrack":78,"minecraft:oak_leaves":5,"minecraft:deepslate":39,"indreb:tin_ore":2,"minecraft:nether_gold_ore":10,"minecraft:dark_prismarine":1,"minecraft:tuff":1,"minecraft:deepslate_diamond_ore":10,"minecraft:dark_oak_leaves":1,"furnish:rare_english_plate":1,"minecraft:ladder":1,"minecraft:sandstone":4,"minecraft:black_stained_glass_pane":1,"minecraft:redstone_ore":2,"minecraft:furnace":2,"minecraft:carrots":3,"minecraft:andesite":3,"draconicevolution:placed_item":1,"minecraft:gold_block":1,"minecraft:bookshelf":4,"minecraft:potatoes":9,"minecraft:deepslate_iron_ore":2,"minecraft:vine":3,"minecraft:stone":205,"ae2:quartz_ore":1,"botania:lime_mystical_flower":7,"minecraft:basalt":6,"vampirism:tent_main":6,"minecraft:crafting_table":21,"minecraft:rose_bush":2,"minecraft:tall_grass":7,"minecraft:lapis_ore":2,"minecraft:birch_planks":4,"minecraft:birch_leaves":3,"vampirism:fire_place":1,"minecraft:cobweb":2,"minecraft:cracked_stone_bricks":4,"ae2:deepslate_quartz_ore":4,"minecraft:stone_bricks":19,"minecraft:mossy_stone_bricks":1},"minecraft:killed":{"vampirism:vampire":6,"minecraft:cave_spider":1,"vampirism:advanced_vampire":4,"vampirism:converted_creature":2,"iceandfire:gorgon":1,"minecraft:spider":13,"minecraft:skeleton":5,"minecraft:chicken":4,"vampirism:advanced_hunter":3,"minecraft:wolf":1,"minecraft:pig":1,"minecraft:salmon":1,"vampirism:hunter":13,"minecraft:zombie":14,"minecraft:vindicator":2,"minecraft:drowned":1,"iceandfire:ghost":4,"minecraft:enderman":1},"minecraft:dropped":{"minecraft:soul_sand":2,"minecraft:porkchop":10,"minecolonies:scroll_buff":1,"minecraft:glass_bottle":1,"minecraft:ender_pearl":1,"vampirism:holy_salt":3,"minecraft:leather":4,"vampirism:item_tent":3,"minecraft:cracked_stone_bricks":1,"minecraft:dirt":10,"minecraft:mutton":3,"minecraft:seagrass":3,"relics:amphibian_boot":1,"minecraft:gold_nugget":2,"minecraft:sand":1,"minecraft:gold_ingot":30,"minecraft:gravel":40,"minecraft:blackstone":19,"minecraft:sugar_cane":5,"minecraft:iron_nugget":1,"minecraft:cobbled_deepslate":6,"minecraft:nether_brick":50,"minecraft:smooth_sandstone_stairs":2,"minecraft:rotten_flesh":69,"vampirism:blood_bottle":2,"minecraft:oak_planks":2,"minecraft:white_bed":1,"minecraft:salmon":1,"minecraft:ladder":1,"minecraft:beef":12,"minecraft:crying_obsidian":5,"minecraft:quartz":31,"minecraft:stone_brick_stairs":2,"structurize:sceptergold":1,"minecraft:enchanted_book":1,"minecraft:wheat_seeds":5,"minecraft:clock":1,"minecraft:lilac":1,"minecraft:apple":2,"minecraft:copper_ingot":1,"minecraft:stick":7,"farmersdelight:golden_knife":2,"minecraft:wooden_axe":1,"minecraft:rose_bush":1,"minecraft:fire_charge":2,"vampirism:ring":1,"minecraft:blue_terracotta":3,"minecraft:stone_shovel":1,"minecraft:andesite":1,"minecraft:oak_sapling":7,"minecraft:stone_bricks":5,"minecraft:spider_eye":2,"minecraft:stone_pickaxe":1,"minecraft:dark_prismarine":1},"minecraft:picked_up":{"minecraft:wooden_axe":1,"minecraft:seagrass":3,"minecraft:wheat":3,"minecraft:enchanted_book":2,"minecraft:stone_brick_stairs":4,"minecraft:nether_brick":50,"minecraft:string":28,"minecraft:cobbled_deepslate":19,"minecraft:gold_nugget":38,"minecraft:rose_bush":1,"minecraft:melon_slice":4,"minecraft:coal_block":14,"minecraft:furnace":3,"minecraft:stick":15,"immersiveengineering:shader_bag_epic":1,"minecraft:torch":2,"minecraft:porkchop":11,"iceandfire:rotten_egg":1,"vampirism:vampire_fang":3,"vampirism:blood_bottle":18,"indreb:raw_lead":5,"minecraft:rotten_flesh":92,"minecraft:obsidian":2,"minecraft:cobblestone":269,"minecraft:birch_log":9,"minecraft:feather":16,"minecraft:lilac":4,"minecraft:andesite":4,"minecraft:black_bed":3,"minecraft:potato":14,"vampirism:coffin":1,"minecraft:smooth_sandstone_stairs":2,"minecraft:dirt":60,"minecraft:bone":9,"minecraft:bow":1,"minecraft:wheat_seeds":24,"vampirism:item_garlic":1,"minecraft:mossy_stone_bricks":1,"minecraft:oak_planks":128,"vampirism:ring":2,"ae2:certus_quartz_crystal":3,"minecraft:sand":80,"minecraft:spectral_arrow":6,"minecraft:dark_prismarine":1,"furnish:rare_english_plate":1,"minecraft:blue_terracotta":5,"minecraft:diamond":10,"minecraft:bread":3,"minecraft:emerald":2,"iceandfire:gorgon_head":1,"minecraft:oak_sapling":8,"minecraft:netherrack":76,"indreb:raw_tin":1,"minecraft:crafting_table":22,"minecraft:splash_potion":1,"minecraft:chicken":4,"minecraft:ladder":1,"minecolonies:scroll_buff":1,"minecraft:gold_block":1,"relics:amphibian_boot":1,"minecraft:blackstone":19,"minecraft:cracked_stone_bricks":4,"minecraft:beef":14,"minecraft:iron_nugget":28,"minecraft:sugar_cane":14,"farmersdelight:golden_knife":2,"minecraft:egg":6,"vampirism:holy_salt":5,"minecraft:raw_iron":17,"minecraft:sandstone":4,"minecraft:copper_ingot":1,"minecraft:fire_charge":2,"minecraft:carrot":8,"minecraft:tnt":6,"minecraft:arrow":10,"minecraft:stone_shovel":1,"botania:lime_mystical_flower":7,"ae2:certus_quartz_dust":14,"minecraft:mutton":13,"minecraft:white_wool":12,"vampirism:vampire_blood_bottle":2,"minecraft:basalt":5,"vampirism:item_tent":8,"minecraft:salmon":1,"minecraft:leather":9,"minecraft:filled_map":1,"minecraft:birch_planks":6,"minecraft:oak_log":37,"iceandfire:ectoplasm":1,"vampirism:human_heart":5,"minecraft:apple":7,"minecraft:stone_bricks":19,"minecraft:iron_ingot":1,"minecraft:glass_bottle":18,"minecraft:soul_sand":4,"minecraft:book":32,"minecraft:dark_oak_slab":2,"minecraft:quartz":31,"minecraft:gravel":40,"minecraft:white_bed":1,"minecraft:crying_obsidian":5,"minecraft:spider_eye":3,"immersiveengineering:seed":4,"minecraft:stone_axe":1,"botania:orange_mystical_flower":1,"minecraft:coal":3},"minecraft:killed_by":{"iceandfire:cyclops":2,"vampirism:hunter":1,"minecraft:spider":1,"minecraft:skeleton":1,"cataclysm:netherite_monstrosity":1}},"DataVersion":2975}