{"stats":{"minecraft:picked_up":{"minecraft:wooden_axe":1,"minecraft:seagrass":2,"minecraft:crafting_table":13,"minecraft:wheat":3,"minecraft:chicken":4,"minecraft:ladder":1,"minecraft:stone_brick_stairs":1,"minecraft:string":11,"minecraft:beef":6,"minecraft:sugar_cane":14,"farmersdelight:golden_knife":2,"minecraft:furnace":3,"minecraft:egg":6,"vampirism:holy_salt":4,"minecraft:stick":12,"minecraft:raw_iron":15,"minecraft:sandstone":4,"minecraft:copper_ingot":1,"minecraft:torch":2,"minecraft:porkchop":8,"iceandfire:rotten_egg":1,"vampirism:vampire_fang":1,"minecraft:carrot":8,"minecraft:rotten_flesh":88,"minecraft:arrow":6,"vampirism:blood_bottle":11,"indreb:raw_lead":5,"minecraft:stone_shovel":1,"botania:lime_mystical_flower":7,"ae2:certus_quartz_dust":3,"minecraft:mutton":13,"minecraft:white_wool":12,"minecraft:cobblestone":166,"minecraft:birch_log":7,"vampirism:vampire_blood_bottle":1,"minecraft:feather":4,"minecraft:lilac":4,"vampirism:item_tent":8,"minecraft:andesite":4,"minecraft:salmon":1,"minecraft:black_bed":2,"minecraft:leather":3,"minecraft:potato":14,"minecraft:filled_map":1,"minecraft:birch_planks":6,"minecraft:smooth_sandstone_stairs":2,"minecraft:oak_log":29,"minecraft:dirt":59,"minecraft:bone":5,"vampirism:human_heart":2,"minecraft:apple":7,"minecraft:stone_bricks":7,"minecraft:wheat_seeds":23,"vampirism:item_garlic":1,"minecraft:iron_ingot":1,"minecraft:glass_bottle":13,"minecraft:oak_planks":106,"minecraft:book":32,"vampirism:ring":2,"minecraft:sand":79,"minecraft:white_bed":1,"minecraft:spider_eye":1,"minecraft:dark_prismarine":1,"furnish:rare_english_plate":1,"minecraft:blue_terracotta":5,"immersiveengineering:seed":4,"minecraft:stone_axe":1,"botania:orange_mystical_flower":1,"minecraft:bread":3,"minecraft:oak_sapling":8,"minecraft:coal":3,"indreb:raw_tin":1},"minecraft:broken":{"minecraft:wooden_shovel":1,"minecraft:stone_axe":2,"minecraft:wooden_axe":1},"minecraft:used":{"minecraft:blue_terracotta":2,"minecraft:stone_shovel":8,"vampirism:heart_striker_enhanced":16,"minecraft:wooden_shovel":95,"minecraft:rotten_flesh":4,"minecraft:torch":26,"minecraft:dirt":47,"minecraft:carrot":9,"minecraft:glass":1,"minecraft:wooden_axe":85,"vampirism:item_tent":1,"minecraft:stone_bricks":5,"minecraft:furnace":2,"minecraft:egg":5,"minecraft:wheat_seeds":12,"minecraft:birch_planks":32,"minecraft:glass_bottle":1,"minecraft:stone_pickaxe":173,"minecraft:oak_planks":56,"farmersdelight:golden_knife":2,"minecraft:wooden_pickaxe":21,"minecraft:sandstone":9,"minecraft:golden_apple":1,"minecraft:glow_berries":7,"farmersdelight:onion":5,"minecraft:sand":7,"minecraft:crafting_table":13,"minecraft:black_bed":1,"vampirism:armor_of_swiftness_feet_ultimate":1,"minecraft:diamond_pickaxe":24,"furnish:rare_english_plate":1,"minecraft:lilac":3,"minecraft:stone_axe":164,"minecraft:cobblestone":53,"minecraft:potion":1,"minecraft:andesite":3},"minecraft:mined":{"minecraft:dark_prismarine":1,"minecraft:white_bed":1,"minecraft:dark_oak_leaves":1,"furnish:rare_english_plate":1,"minecraft:ladder":1,"minecraft:grass_block":19,"minecraft:sandstone":4,"minecraft:furnace":2,"minecraft:carrots":3,"minecraft:iron_ore":15,"minecraft:fire":1,"minecraft:andesite":3,"draconicevolution:placed_item":1,"vampirism:tent":9,"minecraft:vine":1,"minecraft:bookshelf":4,"minecraft:potatoes":9,"minecraft:smooth_sandstone_stairs":2,"minecraft:stone":135,"ae2:quartz_ore":1,"botania:lime_mystical_flower":7,"botania:orange_mystical_flower":1,"vampirism:tent_main":5,"minecraft:crafting_table":11,"minecraft:torch":1,"indreb:lead_ore":5,"minecraft:tall_grass":6,"minecraft:cobblestone":25,"minecraft:lapis_ore":1,"minecraft:sugar_cane":5,"minecraft:oak_planks":24,"minecraft:wall_torch":1,"minecraft:birch_planks":4,"minecraft:blue_terracotta":4,"minecraft:birch_log":7,"minecraft:wheat":13,"minecraft:lilac":3,"minecraft:black_bed":1,"minecraft:stone_brick_stairs":1,"minecraft:grass":31,"minecraft:oak_log":29,"vampirism:fire_place":1,"minecraft:sand":45,"minecraft:dirt":40,"minecraft:stone_bricks":7,"minecraft:oak_leaves":5,"indreb:tin_ore":2},"minecraft:crafted":{"minecraft:oak_planks":116,"minecraft:stone_shovel":1,"minecraft:furnace":2,"minecraft:glass":34,"minecraft:stone_pickaxe":3,"minecraft:glass_bottle":27,"minecraft:wooden_shovel":3,"minecraft:crafting_table":4,"minecraft:wooden_pickaxe":2,"minecraft:birch_planks":28,"minecraft:stone_axe":3,"minecraft:bread":1,"minecraft:air":0,"minecraft:diamond_pickaxe":1,"minecraft:stick":36,"minecraft:wooden_axe":3,"minecraft:sandstone":5},"minecraft:killed_by":{"iceandfire:cyclops":2,"minecraft:spider":1,"minecraft:skeleton":1,"vampirism:hunter":1},"minecraft:dropped":{"minecraft:porkchop":7,"minecraft:wheat_seeds":4,"minecraft:lilac":1,"vampirism:holy_salt":1,"minecraft:leather":3,"minecraft:apple":2,"vampirism:item_tent":3,"minecraft:copper_ingot":1,"minecraft:dirt":9,"farmersdelight:golden_knife":2,"minecraft:mutton":3,"minecraft:wooden_axe":1,"minecraft:seagrass":2,"vampirism:ring":1,"minecraft:blue_terracotta":3,"minecraft:sugar_cane":5,"minecraft:smooth_sandstone_stairs":2,"minecraft:rotten_flesh":65,"vampirism:blood_bottle":2,"minecraft:white_bed":1,"minecraft:salmon":1,"minecraft:andesite":1,"minecraft:ladder":1,"minecraft:oak_sapling":7,"minecraft:stone_bricks":2,"minecraft:spider_eye":1,"minecraft:beef":4,"minecraft:dark_prismarine":1,"minecraft:stone_brick_stairs":1},"minecraft:killed":{"vampirism:vampire":2,"vampirism:advanced_vampire":2,"vampirism:converted_creature":2,"minecraft:spider":5,"minecraft:skeleton":2,"minecraft:chicken":4,"vampirism:advanced_hunter":2,"minecraft:drowned":1,"minecraft:wolf":1,"minecraft:pig":1,"minecraft:salmon":1,"vampirism:hunter":10,"minecraft:zombie":14},"minecraft:custom":{"minecraft:mob_kills":68,"minecraft:interact_with_crafting_table":28,"minecraft:damage_dealt_resisted":813,"minecraft:leave_game":3,"minecraft:time_since_death":4325,"minecraft:climb_one_cm":5687,"minecraft:sprint_one_cm":792684,"minecraft:walk_one_cm":206214,"minecraft:drop":45,"minecraft:damage_dealt_absorbed":109,"minecraft:talked_to_villager":8,"vampirism:infected_creatures":14,"minecraft:play_time":166041,"minecraft:sneak_time":17773,"minecraft:deaths":6,"minecraft:walk_under_water_one_cm":5935,"minecraft:jump":2766,"minecraft:walk_on_water_one_cm":10621,"minecraft:total_world_time":166041,"minecraft:interact_with_furnace":13,"minecraft:interact_with_cartography_table":1,"minecraft:sleep_in_bed":3,"minecraft:time_since_rest":1127,"minecraft:damage_taken":504415,"minecraft:damage_absorbed":40,"minecraft:trigger_trapped_chest":1,"minecraft:damage_dealt":12173,"minecraft:swim_one_cm":46115,"minecraft:fly_one_cm":566344,"minecraft:open_chest":11,"minecraft:crouch_one_cm":45799,"minecraft:fall_one_cm":64889,"minecraft:horse_one_cm":4394}},"DataVersion":2975}