{"stats":{"minecraft:dropped":{"minecraft:enchanted_book":1,"minecraft:soul_sand":2,"minecraft:porkchop":8,"minecraft:wheat_seeds":4,"minecolonies:scroll_buff":1,"minecraft:lilac":1,"vampirism:holy_salt":3,"minecraft:leather":3,"minecraft:apple":2,"vampirism:item_tent":3,"minecraft:copper_ingot":1,"minecraft:stick":4,"minecraft:dirt":10,"farmersdelight:golden_knife":2,"minecraft:mutton":3,"minecraft:wooden_axe":1,"minecraft:rose_bush":1,"minecraft:seagrass":3,"minecraft:fire_charge":2,"minecraft:gold_nugget":2,"vampirism:ring":1,"minecraft:gold_ingot":30,"minecraft:gravel":40,"minecraft:blue_terracotta":3,"minecraft:blackstone":19,"minecraft:sugar_cane":5,"minecraft:iron_nugget":1,"minecraft:cobbled_deepslate":5,"minecraft:nether_brick":50,"minecraft:smooth_sandstone_stairs":2,"minecraft:stone_shovel":1,"minecraft:rotten_flesh":65,"vampirism:blood_bottle":2,"minecraft:white_bed":1,"minecraft:salmon":1,"minecraft:andesite":1,"minecraft:oak_sapling":7,"minecraft:ladder":1,"minecraft:spider_eye":2,"minecraft:stone_bricks":2,"minecraft:beef":4,"minecraft:stone_pickaxe":1,"minecraft:crying_obsidian":5,"minecraft:stone_brick_stairs":1,"minecraft:dark_prismarine":1,"minecraft:quartz":31},"minecraft:custom":{"minecraft:mob_kills":92,"minecraft:interact_with_crafting_table":39,"minecraft:open_barrel":29,"minecraft:damage_dealt_resisted":1451,"minecraft:leave_game":3,"minecraft:time_since_death":45872,"minecraft:climb_one_cm":14136,"minecraft:sprint_one_cm":1044838,"minecraft:walk_one_cm":322870,"minecraft:damage_blocked_by_shield":160,"minecraft:drop":69,"minecraft:damage_dealt_absorbed":109,"minecraft:talked_to_villager":8,"minecraft:play_time":243527,"minecraft:sneak_time":29347,"vampirism:infected_creatures":17,"minecraft:deaths":7,"minecraft:walk_under_water_one_cm":26008,"minecraft:jump":3822,"minecraft:interact_with_blast_furnace":3,"minecraft:walk_on_water_one_cm":20761,"minecraft:total_world_time":243527,"minecraft:interact_with_furnace":15,"minecraft:interact_with_cartography_table":1,"minecraft:sleep_in_bed":3,"minecraft:time_since_rest":47,"minecraft:damage_taken":505708,"minecraft:damage_absorbed":40,"minecraft:trigger_trapped_chest":2,"minecraft:damage_dealt":19332,"minecraft:swim_one_cm":236503,"minecraft:fly_one_cm":751957,"minecraft:open_chest":45,"minecraft:crouch_one_cm":83301,"minecraft:fall_one_cm":91163,"minecraft:inspect_dispenser":2,"minecraft:horse_one_cm":4394},"minecraft:crafted":{"minecraft:oak_planks":140,"minecraft:stone_shovel":1,"minecraft:coal":36,"minecraft:furnace":2,"minecraft:glass":34,"minecraft:stone_pickaxe":3,"minecraft:chest":1,"minecraft:glass_bottle":27,"minecraft:wooden_shovel":3,"sophisticatedbackpacks:backpack":1,"minecraft:crafting_table":4,"minecraft:wooden_pickaxe":2,"minecraft:bucket":1,"minecraft:birch_planks":36,"minecraft:stone_axe":4,"minecraft:air":0,"minecraft:bread":1,"minecraft:diamond_pickaxe":1,"minecraft:golden_leggings":1,"minecraft:shield":1,"minecraft:stick":52,"minecraft:iron_ingot":3,"minecraft:iron_pickaxe":1,"minecraft:wooden_axe":3,"minecraft:sandstone":5,"minecraft:gold_ingot":4,"minecraft:torch":20},"minecraft:killed_by":{"iceandfire:cyclops":2,"minecraft:spider":1,"minecraft:skeleton":1,"cataclysm:netherite_monstrosity":1,"vampirism:hunter":1},"minecraft:killed":{"vampirism:vampire":6,"minecraft:cave_spider":1,"vampirism:advanced_vampire":4,"vampirism:converted_creature":2,"minecraft:spider":10,"minecraft:skeleton":3,"minecraft:chicken":4,"vampirism:advanced_hunter":3,"minecraft:drowned":1,"minecraft:wolf":1,"minecraft:pig":1,"minecraft:salmon":1,"vampirism:hunter":13,"minecraft:zombie":14,"iceandfire:ghost":4},"minecraft:mined":{"minecraft:nether_gold_ore":10,"minecraft:dark_prismarine":1,"minecraft:white_bed":1,"minecraft:tuff":1,"furnish:rare_english_plate":1,"minecraft:dark_oak_leaves":1,"minecraft:deepslate_diamond_ore":10,"minecraft:ladder":1,"minecraft:grass_block":20,"minecraft:coal_block":14,"minecraft:sandstone":4,"minecraft:spawner":10,"minecraft:polished_blackstone_bricks":1,"minecraft:black_stained_glass_pane":1,"minecraft:redstone_ore":2,"minecraft:furnace":2,"minecraft:carrots":3,"minecraft:iron_ore":15,"minecraft:fire":8,"draconicevolution:placed_item":1,"minecraft:andesite":3,"vampirism:tent":9,"minecraft:deepslate_iron_ore":2,"minecraft:bookshelf":4,"minecraft:potatoes":9,"minecraft:vine":3,"minecraft:smooth_sandstone_stairs":2,"minecraft:stone":205,"ae2:quartz_ore":1,"botania:lime_mystical_flower":7,"botania:orange_mystical_flower":1,"minecraft:kelp_plant":1,"minecraft:basalt":6,"vampirism:tent_main":6,"minecraft:clay":1,"minecraft:crafting_table":18,"minecraft:torch":1,"minecraft:melon":2,"indreb:lead_ore":5,"minecraft:rose_bush":2,"minecraft:tall_grass":7,"minecraft:cobblestone":31,"minecraft:lapis_ore":2,"minecraft:oak_planks":44,"minecraft:sugar_cane":5,"minecraft:wall_torch":1,"minecraft:birch_planks":4,"minecraft:blue_terracotta":4,"minecraft:dark_oak_slab":1,"indreb:deepslate_uranium_ore":2,"minecraft:birch_log":9,"minecraft:wheat":13,"minecraft:lilac":3,"minecraft:black_bed":2,"minecraft:tnt":6,"minecraft:stone_brick_stairs":1,"minecraft:grass":33,"minecraft:oak_log":35,"vampirism:fire_place":1,"minecraft:sand":45,"minecraft:dirt":40,"minecraft:cobweb":2,"ae2:deepslate_quartz_ore":4,"minecraft:stone_bricks":7,"minecraft:netherrack":78,"minecraft:oak_leaves":5,"indreb:tin_ore":2,"minecraft:deepslate":39},"minecraft:broken":{"minecraft:wooden_shovel":1,"minecraft:stone_axe":3,"minecraft:wooden_axe":1},"minecraft:picked_up":{"minecraft:wooden_axe":1,"minecraft:seagrass":3,"minecraft:crafting_table":20,"minecraft:wheat":3,"minecraft:splash_potion":1,"minecraft:chicken":4,"minecraft:ladder":1,"minecolonies:scroll_buff":1,"minecraft:enchanted_book":2,"minecraft:nether_brick":50,"minecraft:stone_brick_stairs":1,"minecraft:string":25,"minecraft:blackstone":19,"minecraft:gold_nugget":38,"minecraft:cobbled_deepslate":18,"minecraft:beef":6,"minecraft:rose_bush":1,"minecraft:iron_nugget":28,"minecraft:coal_block":14,"minecraft:melon_slice":4,"minecraft:sugar_cane":14,"farmersdelight:golden_knife":2,"minecraft:furnace":3,"minecraft:egg":6,"vampirism:holy_salt":5,"minecraft:stick":12,"minecraft:raw_iron":17,"minecraft:sandstone":4,"minecraft:copper_ingot":1,"minecraft:torch":2,"minecraft:fire_charge":2,"minecraft:porkchop":9,"iceandfire:rotten_egg":1,"vampirism:vampire_fang":3,"minecraft:carrot":8,"minecraft:tnt":6,"minecraft:stone_shovel":1,"vampirism:blood_bottle":13,"minecraft:arrow":7,"indreb:raw_lead":5,"minecraft:rotten_flesh":88,"botania:lime_mystical_flower":7,"ae2:certus_quartz_dust":14,"minecraft:obsidian":2,"minecraft:mutton":13,"minecraft:white_wool":12,"minecraft:cobblestone":236,"minecraft:birch_log":9,"minecraft:feather":16,"vampirism:vampire_blood_bottle":2,"minecraft:lilac":4,"minecraft:basalt":5,"vampirism:item_tent":8,"minecraft:andesite":4,"minecraft:salmon":1,"minecraft:leather":7,"minecraft:black_bed":3,"minecraft:potato":14,"minecraft:birch_planks":6,"minecraft:filled_map":1,"minecraft:smooth_sandstone_stairs":2,"minecraft:oak_log":35,"iceandfire:ectoplasm":1,"minecraft:dirt":60,"minecraft:bone":5,"vampirism:human_heart":5,"minecraft:apple":7,"minecraft:stone_bricks":7,"minecraft:wheat_seeds":23,"vampirism:item_garlic":1,"minecraft:iron_ingot":1,"minecraft:glass_bottle":13,"minecraft:oak_planks":126,"minecraft:soul_sand":4,"minecraft:book":32,"minecraft:dark_oak_slab":2,"minecraft:quartz":31,"ae2:certus_quartz_crystal":3,"vampirism:ring":2,"minecraft:gravel":40,"minecraft:sand":79,"minecraft:white_bed":1,"minecraft:crying_obsidian":5,"minecraft:spectral_arrow":6,"minecraft:spider_eye":2,"minecraft:dark_prismarine":1,"furnish:rare_english_plate":1,"minecraft:blue_terracotta":5,"immersiveengineering:seed":4,"minecraft:diamond":10,"minecraft:stone_axe":1,"botania:orange_mystical_flower":1,"minecraft:bread":3,"minecraft:oak_sapling":8,"minecraft:netherrack":76,"minecraft:coal":3,"indreb:raw_tin":1},"minecraft:used":{"minecraft:blue_terracotta":2,"minecraft:stone_shovel":8,"vampirism:heart_striker_enhanced":16,"minecraft:shield":7,"minecraft:iron_sword":40,"minecraft:wooden_shovel":95,"minecraft:rotten_flesh":4,"minecraft:netherrack":76,"minecraft:torch":38,"minecraft:dirt":47,"minecraft:carrot":9,"minecraft:glass":1,"minecraft:wooden_axe":85,"vampirism:item_tent":1,"minecraft:lava_bucket":6,"minecraft:iron_boots":1,"minecraft:basalt":5,"minecraft:stone_bricks":5,"minecraft:furnace":2,"minecraft:egg":5,"minecraft:water_bucket":6,"minecraft:wheat_seeds":12,"minecraft:birch_planks":32,"minecraft:glass_bottle":4,"minecraft:stone_pickaxe":186,"minecraft:oak_planks":90,"farmersdelight:golden_knife":2,"minecraft:wooden_pickaxe":21,"minecraft:sandstone":9,"minecraft:golden_apple":2,"minecraft:glow_berries":7,"farmersdelight:onion":5,"minecraft:sand":7,"minecraft:tnt":6,"minecraft:crafting_table":20,"minecraft:black_bed":2,"vampirism:armor_of_swiftness_feet_ultimate":1,"minecraft:diamond_pickaxe":24,"minecraft:iron_pickaxe":246,"furnish:rare_english_plate":1,"minecraft:lilac":3,"minecraft:stone_axe":252,"minecraft:golden_leggings":1,"minecraft:cobblestone":112,"minecraft:potion":4,"minecraft:andesite":3,"minecraft:bucket":13,"minecraft:splash_potion":1}},"DataVersion":2975}