{
  "immersivepetroleum:recipes/immersivepetroleum/upgrade_rudders": {
    "criteria": {
      "has_the_recipe": "2024-07-07 19:31:45 +0000"
    },
    "done": true
  },
  "minecraft:recipes/tools/wooden_axe": {
    "criteria": {
      "has_stick": "2024-07-07 19:49:52 +0000"
    },
    "done": true
  },
  "minecraft:recipes/decorations/spruce_sign": {
    "criteria": {
      "has_planks": "2024-07-07 19:56:24 +0000"
    },
    "done": true
  },
  "farmersdelight:recipes/food/cooking/beetroot_soup": {
    "criteria": {
      "has_beetroot": "2024-07-07 19:42:36 +0000"
    },
    "done": true
  },
  "farmersdelight:recipes/farmersdelight/cooking/chicken_soup": {
    "criteria": {
      "has_any_ingredient": "2024-07-07 19:42:39 +0000"
    },
    "done": true
  },
  "minecraft:recipes/misc/paper": {
    "criteria": {
      "has_reeds": "2024-07-07 19:38:03 +0000"
    },
    "done": true
  },
  "indreb:recipes/canning/carrot": {
    "criteria": {
      "carrot": "2024-07-07 19:42:39 +0000"
    },
    "done": true
  },
  "indreb:recipes/sawing/stick_sawdust": {
    "criteria": {
      "item": "2024-07-07 19:49:52 +0000"
    },
    "done": true
  },
  "minecraft:recipes/redstone/spruce_door": {
    "criteria": {
      "has_planks": "2024-07-07 19:56:24 +0000"
    },
    "done": true
  },
  "minecolonies:recipes/structurize/shapetool": {
    "criteria": {
      "has_stick": "2024-07-07 19:49:52 +0000"
    },
    "done": true
  },
  "immersivepetroleum:recipes/immersivepetroleum/paraffin_wax_to_block": {
    "criteria": {
      "has_the_recipe": "2024-07-07 19:31:45 +0000"
    },
    "done": true
  },
  "twilightforest:alt/compat/ie_shaders": {
    "criteria": {
      "ie_masterwork": "2024-07-07 19:35:18 +0000",
      "ie_uncommon": "2024-07-07 19:35:18 +0000",
      "tf_masterwork": "2024-07-07 19:35:18 +0000",
      "tf_uncommon": "2024-07-07 19:35:18 +0000",
      "tf_common": "2024-07-07 19:35:18 +0000",
      "ie_rare": "2024-07-07 19:35:18 +0000",
      "ie_shader": "2024-07-07 19:35:18 +0000",
      "ie_common": "2024-07-07 19:35:18 +0000",
      "ie_twilight": "2024-07-07 19:35:18 +0000",
      "tf_epic": "2024-07-07 19:35:18 +0000",
      "ie_epic": "2024-07-07 19:35:18 +0000",
      "tf_twilight": "2024-07-07 19:35:18 +0000",
      "tf_shader": "2024-07-07 19:35:18 +0000",
      "tf_rare": "2024-07-07 19:35:18 +0000"
    },
    "done": true
  },
  "farmersdelight:recipes/farmersdelight/cooking/fried_rice": {
    "criteria": {
      "has_any_ingredient": "2024-07-07 19:42:39 +0000"
    },
    "done": true
  },
  "vampirism:recipes/vampirism/general/fire_place": {
    "criteria": {
      "has_logs": "2024-07-07 19:49:26 +0000"
    },
    "done": true
  },
  "minecraft:nether/root": {
    "criteria": {
      "entered_nether": "2024-07-07 20:00:25 +0000"
    },
    "done": true
  },
  "minecraft:recipes/redstone/spruce_fence_gate": {
    "criteria": {
      "has_planks": "2024-07-07 19:56:24 +0000"
    },
    "done": true
  },
  "minecraft:recipes/misc/pumpkin_seeds": {
    "criteria": {
      "has_pumpkin": "2024-07-07 19:45:38 +0000"
    },
    "done": true
  },
  "immersivepetroleum:recipes/building_blocks/weathered_copper_paraffin_waxed": {
    "criteria": {
      "has_the_recipe": "2024-07-07 19:31:45 +0000"
    },
    "done": true
  },
  "minecraft:recipes/redstone/birch_pressure_plate": {
    "criteria": {
      "has_planks": "2024-07-07 19:49:33 +0000"
    },
    "done": true
  },
  "minecraft:recipes/decorations/crafting_table": {
    "criteria": {
      "has_planks": "2024-07-07 19:49:33 +0000"
    },
    "done": true
  },
  "minecraft:recipes/decorations/campfire": {
    "criteria": {
      "has_stick": "2024-07-07 19:49:52 +0000"
    },
    "done": true
  },
  "indreb:recipes/crushing/bio/carrot": {
    "criteria": {
      "cactus": "2024-07-07 19:42:39 +0000"
    },
    "done": true
  },
  "immersivepetroleum:recipes/building_blocks/copper_block_paraffin_waxed": {
    "criteria": {
      "has_the_recipe": "2024-07-07 19:31:45 +0000"
    },
    "done": true
  },
  "immersivepetroleum:recipes/immersivepetroleum/speedboat": {
    "criteria": {
      "has_the_recipe": "2024-07-07 19:31:45 +0000"
    },
    "done": true
  },
  "iceandfire:iceandfire/root": {
    "criteria": {
      "tick": "2024-07-07 19:31:45 +0000"
    },
    "done": true
  },
  "minecraft:recipes/decorations/ladder": {
    "criteria": {
      "has_stick": "2024-07-07 19:49:52 +0000"
    },
    "done": true
  },
  "farmersdelight:recipes/farmersdelight/cooking/baked_cod_stew": {
    "criteria": {
      "has_any_ingredient": "2024-07-07 19:42:40 +0000"
    },
    "done": true
  },
  "minecraft:recipes/decorations/chest": {
    "criteria": {
      "has_lots_of_items": "2024-07-07 19:44:03 +0000"
    },
    "done": true
  },
  "vampirism:recipes/vampirism/hunter/cross": {
    "criteria": {
      "has_planks": "2024-07-07 19:49:33 +0000"
    },
    "done": true
  },
  "immersivepetroleum:recipes/building_blocks/oxidized_cut_copper_slab_paraffin_waxed": {
    "criteria": {
      "has_the_recipe": "2024-07-07 19:31:45 +0000"
    },
    "done": true
  },
  "minecraft:recipes/redstone/birch_button": {
    "criteria": {
      "has_planks": "2024-07-07 19:49:33 +0000"
    },
    "done": true
  },
  "minecraft:recipes/redstone/spruce_button": {
    "criteria": {
      "has_planks": "2024-07-07 19:56:24 +0000"
    },
    "done": true
  },
  "farmersdelight:recipes/farmersdelight/cooking/ratatouille": {
    "criteria": {
      "has_any_ingredient": "2024-07-07 19:42:36 +0000"
    },
    "done": true
  },
  "minecraft:recipes/tools/wooden_shovel": {
    "criteria": {
      "has_stick": "2024-07-07 19:49:52 +0000"
    },
    "done": true
  },
  "immersivepetroleum:recipes/building_blocks/exposed_cut_copper_slab_paraffin_waxed": {
    "criteria": {
      "has_the_recipe": "2024-07-07 19:31:45 +0000"
    },
    "done": true
  },
  "indreb:recipes/crushing/sugarcane_sugar": {
    "criteria": {
      "item": "2024-07-07 19:38:03 +0000"
    },
    "done": true
  },
  "immersiveengineering:recipes/decorations/crafting/torch": {
    "criteria": {
      "has_stick": "2024-07-07 19:49:52 +0000"
    },
    "done": true
  },
  "farmersdelight:recipes/farmersdelight/cooking/vegetable_soup": {
    "criteria": {
      "has_any_ingredient": "2024-07-07 19:42:36 +0000"
    },
    "done": true
  },
  "botania:main/flower_pickup": {
    "criteria": {
      "flower": "2024-07-07 19:45:09 +0000"
    },
    "done": true
  },
  "vampirism:recipes/vampirism/general/altar_cleansing": {
    "criteria": {
      "has_vampire_book": "2024-07-07 19:49:33 +0000"
    },
    "done": true
  },
  "minecraft:recipes/misc/stick": {
    "criteria": {
      "has_planks": "2024-07-07 19:49:33 +0000"
    },
    "done": true
  },
  "minecraft:recipes/building_blocks/spruce_wood": {
    "criteria": {
      "has_log": "2024-07-07 19:54:04 +0000"
    },
    "done": true
  },
  "immersivepetroleum:recipes/building_blocks/weathered_cut_copper_slab_paraffin_waxed": {
    "criteria": {
      "has_the_recipe": "2024-07-07 19:31:45 +0000"
    },
    "done": true
  },
  "chiselsandbits:recipes/chiselsandbits/chisel_stone": {
    "criteria": {
      "has_rod": "2024-07-07 19:49:52 +0000"
    },
    "done": true
  },
  "minecraft:recipes/transportation/spruce_boat": {
    "criteria": {
      "in_water": "2024-07-07 19:36:52 +0000"
    },
    "done": true
  },
  "farmersdelight:recipes/farmersdelight/fried_egg": {
    "criteria": {
      "fried_egg": "2024-07-07 19:44:03 +0000"
    },
    "done": true
  },
  "immersivepetroleum:recipes/building_blocks/cut_copper_paraffin_waxed": {
    "criteria": {
      "has_the_recipe": "2024-07-07 19:31:45 +0000"
    },
    "done": true
  },
  "indreb:recipes/crushing/bio/wheat_seeds": {
    "criteria": {
      "cactus": "2024-07-07 19:39:20 +0000"
    },
    "done": true
  },
  "chiselsandbits:recipes/chiselsandbits/chisel_diamond": {
    "criteria": {
      "has_rod": "2024-07-07 19:49:52 +0000"
    },
    "done": true
  },
  "immersivepetroleum:recipes/immersivepetroleum/seismic_survey_tool": {
    "criteria": {
      "has_the_recipe": "2024-07-07 19:31:45 +0000"
    },
    "done": true
  },
  "minecraft:recipes/misc/red_dye_from_beetroot": {
    "criteria": {
      "has_beetroot": "2024-07-07 19:42:36 +0000"
    },
    "done": true
  },
  "minecraft:recipes/combat/wooden_sword": {
    "criteria": {
      "has_stick": "2024-07-07 19:49:52 +0000"
    },
    "done": true
  },
  "farmersdelight:main/get_fd_seed": {
    "criteria": {
      "onion": "2024-07-07 19:44:42 +0000"
    },
    "done": true
  },
  "immersivepetroleum:recipes/immersivepetroleum/paraffin_wax_block_to_items": {
    "criteria": {
      "has_the_recipe": "2024-07-07 19:31:45 +0000"
    },
    "done": true
  },
  "immersivepetroleum:recipes/immersivepetroleum/asphalt_stair": {
    "criteria": {
      "has_the_recipe": "2024-07-07 19:31:45 +0000"
    },
    "done": true
  },
  "immersivepetroleum:recipes/immersivepetroleum/projector": {
    "criteria": {
      "has_the_recipe": "2024-07-07 19:31:45 +0000"
    },
    "done": true
  },
  "minecraft:recipes/building_blocks/spruce_slab": {
    "criteria": {
      "has_planks": "2024-07-07 19:56:24 +0000"
    },
    "done": true
  },
  "cataclysm:root": {
    "criteria": {
      "custom_test_name": "2024-07-07 19:31:45 +0000"
    },
    "done": true
  },
  "minecraft:recipes/food/cake": {
    "criteria": {
      "has_egg": "2024-07-07 19:44:03 +0000"
    },
    "done": true
  },
  "botania:main/root": {
    "criteria": {
      "flower": "2024-07-07 19:45:09 +0000"
    },
    "done": true
  },
  "minecraft:recipes/misc/sugar_from_sugar_cane": {
    "criteria": {
      "has_sugar_cane": "2024-07-07 19:38:03 +0000"
    },
    "done": true
  },
  "indreb:recipes/crushing/bio/potato": {
    "criteria": {
      "cactus": "2024-07-07 19:42:40 +0000"
    },
    "done": true
  },
  "immersivepetroleum:recipes/immersivepetroleum/auto_lubricator": {
    "criteria": {
      "has_the_recipe": "2024-07-07 19:31:45 +0000"
    },
    "done": true
  },
  "indreb:recipes/extracting/rubber_sapling_rubber": {
    "criteria": {
      "item": "2024-07-07 19:50:40 +0000"
    },
    "done": true
  },
  "immersivepetroleum:recipes/immersivepetroleum/upgrade_paddles": {
    "criteria": {
      "has_the_recipe": "2024-07-07 19:31:45 +0000"
    },
    "done": true
  },
  "minecraft:husbandry/balanced_diet": {
    "criteria": {
      "carrot": "2024-07-07 19:57:06 +0000"
    },
    "done": false
  },
  "minecraft:recipes/tools/wooden_hoe": {
    "criteria": {
      "has_stick": "2024-07-07 19:49:52 +0000"
    },
    "done": true
  },
  "immersivepetroleum:recipes/immersivepetroleum/flarestack": {
    "criteria": {
      "has_the_recipe": "2024-07-07 19:31:45 +0000"
    },
    "done": true
  },
  "immersivepetroleum:recipes/building_blocks/oxidized_copper_paraffin_waxed": {
    "criteria": {
      "has_the_recipe": "2024-07-07 19:31:45 +0000"
    },
    "done": true
  },
  "immersivepetroleum:recipes/building_blocks/exposed_copper_paraffin_waxed": {
    "criteria": {
      "has_the_recipe": "2024-07-07 19:31:45 +0000"
    },
    "done": true
  },
  "immersivepetroleum:recipes/immersivepetroleum/molotov_wool": {
    "criteria": {
      "has_the_recipe": "2024-07-07 19:31:45 +0000"
    },
    "done": true
  },
  "minecraft:recipes/building_blocks/birch_planks": {
    "criteria": {
      "has_logs": "2024-07-07 19:49:26 +0000"
    },
    "done": true
  },
  "immersivepetroleum:recipes/immersivepetroleum/molotov_fabric": {
    "criteria": {
      "has_the_recipe": "2024-07-07 19:31:45 +0000"
    },
    "done": true
  },
  "minecraft:recipes/building_blocks/birch_slab": {
    "criteria": {
      "has_planks": "2024-07-07 19:49:33 +0000"
    },
    "done": true
  },
  "farmersdelight:recipes/food/cooking/rabbit_stew": {
    "criteria": {
      "has_any_ingredient": "2024-07-07 19:42:39 +0000"
    },
    "done": true
  },
  "immersivepetroleum:recipes/immersiveengineering/toolupgrade_drill_lube": {
    "criteria": {
      "has_the_recipe": "2024-07-07 19:31:45 +0000"
    },
    "done": true
  },
  "farmersdelight:recipes/farmersdelight/cooking/beef_stew": {
    "criteria": {
      "has_any_ingredient": "2024-07-07 19:42:39 +0000"
    },
    "done": true
  },
  "botania:recipes/botania/flower_bag": {
    "criteria": {
      "has_item": "2024-07-07 19:45:09 +0000"
    },
    "done": true
  },
  "minecraft:recipes/redstone/birch_fence_gate": {
    "criteria": {
      "has_planks": "2024-07-07 19:49:33 +0000"
    },
    "done": true
  },
  "minecraft:story/root": {
    "criteria": {
      "crafting_table": "2024-07-07 19:49:43 +0000"
    },
    "done": true
  },
  "chiselsandbits:recipes/chiselsandbits/bit_storage": {
    "criteria": {
      "has_l": "2024-07-07 19:49:26 +0000"
    },
    "done": true
  },
  "minecraft:recipes/combat/crossbow": {
    "criteria": {
      "has_stick": "2024-07-07 19:49:52 +0000"
    },
    "done": true
  },
  "farmersdelight:recipes/farmersdelight/cooking/vegetable_noodles": {
    "criteria": {
      "has_any_ingredient": "2024-07-07 19:42:39 +0000"
    },
    "done": true
  },
  "immersivepetroleum:recipes/immersiveengineering/ersatz_leather": {
    "criteria": {
      "has_the_recipe": "2024-07-07 19:31:45 +0000"
    },
    "done": true
  },
  "minecraft:recipes/redstone/spruce_pressure_plate": {
    "criteria": {
      "has_planks": "2024-07-07 19:56:24 +0000"
    },
    "done": true
  },
  "farmersdelight:recipes/farmersdelight/cooking/fish_stew": {
    "criteria": {
      "has_any_ingredient": "2024-07-07 19:44:42 +0000"
    },
    "done": true
  },
  "artifacts:amateur_archaeologist": {
    "criteria": {
      "find_artifact": "2024-07-07 20:00:44 +0000"
    },
    "done": true
  },
  "chiselsandbits:recipes/chiselsandbits/wrench": {
    "criteria": {
      "has_p": "2024-07-07 19:49:33 +0000"
    },
    "done": true
  },
  "chiselsandbits:recipes/chiselsandbits/chisel_iron": {
    "criteria": {
      "has_rod": "2024-07-07 19:49:52 +0000"
    },
    "done": true
  },
  "minecolonies:recipes/minecolonies/supplychestdeployer": {
    "criteria": {
      "has_boat": "2024-07-07 19:50:07 +0000"
    },
    "done": true
  },
  "minecraft:recipes/misc/iron_nugget_from_blasting": {
    "criteria": {
      "has_iron_horse_armor": "2024-07-07 19:41:28 +0000"
    },
    "done": true
  },
  "immersivepetroleum:recipes/immersivepetroleum/asphalt": {
    "criteria": {
      "has_the_recipe": "2024-07-07 19:31:45 +0000"
    },
    "done": true
  },
  "immersivepetroleum:recipes/building_blocks/cut_copper_stairs_paraffin_waxed": {
    "criteria": {
      "has_the_recipe": "2024-07-07 19:31:45 +0000"
    },
    "done": true
  },
  "immersivepetroleum:recipes/building_blocks/cut_copper_slab_paraffin_waxed": {
    "criteria": {
      "has_the_recipe": "2024-07-07 19:31:45 +0000"
    },
    "done": true
  },
  "indreb:recipes/crushing/flowers/allium_magenta_dye": {
    "criteria": {
      "item": "2024-07-07 19:44:42 +0000"
    },
    "done": true
  },
  "minecraft:adventure/kill_a_mob": {
    "criteria": {
      "minecraft:spider": "2024-07-07 19:43:25 +0000"
    },
    "done": true
  },
  "immersivepetroleum:recipes/immersivepetroleum/gas_generator": {
    "criteria": {
      "has_the_recipe": "2024-07-07 19:31:45 +0000"
    },
    "done": true
  },
  "dungeons_arise:find_wishing_well": {
    "criteria": {
      "location0": "2024-07-07 19:40:15 +0000"
    },
    "done": true
  },
  "botania:challenge/root": {
    "criteria": {
      "flower": "2024-07-07 19:45:09 +0000"
    },
    "done": true
  },
  "farmersdelight:recipes/farmersdelight/fried_egg_from_campfire_cooking": {
    "criteria": {
      "fried_egg": "2024-07-07 19:44:03 +0000"
    },
    "done": true
  },
  "immersivepetroleum:recipes/building_blocks/exposed_cut_copper_stairs_paraffin_waxed": {
    "criteria": {
      "has_the_recipe": "2024-07-07 19:31:45 +0000"
    },
    "done": true
  },
  "vampirism:recipes/vampirism/hunter/stake": {
    "criteria": {
      "has_sticks": "2024-07-07 19:49:52 +0000"
    },
    "done": true
  },
  "farmersdelight:recipes/farmersdelight/flint_knife": {
    "criteria": {
      "has_stick": "2024-07-07 19:49:52 +0000"
    },
    "done": true
  },
  "indreb:recipes/sawing/birch_log_birch_planks": {
    "criteria": {
      "item": "2024-07-07 19:49:33 +0000"
    },
    "done": true
  },
  "furnish:recipes/furniture_workbench": {
    "criteria": {
      "has_logs": "2024-07-07 19:49:26 +0000"
    },
    "done": true
  },
  "botania:main/flower_pickup_lexicon": {
    "criteria": {
      "flower": "2024-07-07 19:45:09 +0000"
    },
    "done": true
  },
  "minecraft:recipes/food/beetroot_soup": {
    "criteria": {
      "has_beetroot": "2024-07-07 19:42:36 +0000"
    },
    "done": true
  },
  "minecraft:adventure/adventuring_time": {
    "criteria": {
      "minecraft:snowy_slopes": "2024-07-07 19:54:45 +0000",
      "minecraft:frozen_river": "2024-07-07 19:52:28 +0000",
      "minecraft:beach": "2024-07-07 19:35:26 +0000",
      "minecraft:river": "2024-07-07 19:37:39 +0000",
      "minecraft:snowy_plains": "2024-07-07 19:52:24 +0000",
      "minecraft:snowy_taiga": "2024-07-07 19:52:17 +0000",
      "minecraft:cold_ocean": "2024-07-07 19:36:52 +0000",
      "minecraft:forest": "2024-07-07 19:49:27 +0000",
      "minecraft:frozen_ocean": "2024-07-07 19:52:05 +0000",
      "minecraft:snowy_beach": "2024-07-07 19:52:09 +0000",
      "minecraft:plains": "2024-07-07 19:31:45 +0000"
    },
    "done": false
  },
  "indreb:recipes/crushing/bio/beetroot_seeds": {
    "criteria": {
      "cactus": "2024-07-07 19:42:36 +0000"
    },
    "done": true
  },
  "minecraft:adventure/sleep_in_bed": {
    "criteria": {
      "slept_in_bed": "2024-07-07 19:43:29 +0000"
    },
    "done": true
  },
  "minecraft:recipes/misc/charcoal": {
    "criteria": {
      "has_log": "2024-07-07 19:49:26 +0000"
    },
    "done": true
  },
  "indreb:recipes/sawing/crafting_table_oak_planks": {
    "criteria": {
      "item": "2024-07-07 19:49:43 +0000"
    },
    "done": true
  },
  "minecraft:recipes/building_blocks/spruce_planks": {
    "criteria": {
      "has_logs": "2024-07-07 19:54:04 +0000"
    },
    "done": true
  },
  "minecraft:recipes/tools/wooden_pickaxe": {
    "criteria": {
      "has_stick": "2024-07-07 19:49:52 +0000"
    },
    "done": true
  },
  "immersivepetroleum:recipes/immersivepetroleum/petcoke_block_to_items": {
    "criteria": {
      "has_the_recipe": "2024-07-07 19:31:45 +0000"
    },
    "done": true
  },
  "chiselsandbits:recipes/chiselsandbits/magnifying_glass": {
    "criteria": {
      "has_s": "2024-07-07 19:49:52 +0000"
    },
    "done": true
  },
  "minecraft:husbandry/root": {
    "criteria": {
      "consumed_item": "2024-07-07 19:57:06 +0000"
    },
    "done": true
  },
  "minecraft:recipes/transportation/birch_boat": {
    "criteria": {
      "in_water": "2024-07-07 19:36:52 +0000"
    },
    "done": true
  },
  "immersivepetroleum:recipes/building_blocks/oxidized_cut_copper_stairs_paraffin_waxed": {
    "criteria": {
      "has_the_recipe": "2024-07-07 19:31:45 +0000"
    },
    "done": true
  },
  "minecraft:recipes/decorations/barrel": {
    "criteria": {
      "has_planks": "2024-07-07 19:49:33 +0000"
    },
    "done": true
  },
  "minecraft:recipes/misc/magenta_dye_from_allium": {
    "criteria": {
      "has_allium": "2024-07-07 19:44:42 +0000"
    },
    "done": true
  },
  "immersivepetroleum:recipes/building_blocks/exposed_cut_copper_paraffin_waxed": {
    "criteria": {
      "has_the_recipe": "2024-07-07 19:31:45 +0000"
    },
    "done": true
  },
  "indreb:recipes/sawing/spruce_log_spruce_planks": {
    "criteria": {
      "item": "2024-07-07 19:56:24 +0000"
    },
    "done": true
  },
  "minecraft:recipes/transportation/acacia_boat": {
    "criteria": {
      "in_water": "2024-07-07 19:36:52 +0000"
    },
    "done": true
  },
  "immersivepetroleum:recipes/immersivepetroleum/asphalt2": {
    "criteria": {
      "has_the_recipe": "2024-07-07 19:31:45 +0000"
    },
    "done": true
  },
  "indreb:recipes/canning/beetroot": {
    "criteria": {
      "beetroot": "2024-07-07 19:42:36 +0000"
    },
    "done": true
  },
  "minecraft:recipes/decorations/birch_sign": {
    "criteria": {
      "has_planks": "2024-07-07 19:49:33 +0000"
    },
    "done": true
  },
  "farmersdelight:recipes/farmersdelight/cutting_board": {
    "criteria": {
      "has_stick": "2024-07-07 19:49:52 +0000"
    },
    "done": true
  },
  "indreb:recipes/crushing/bio/pumpkin": {
    "criteria": {
      "cactus": "2024-07-07 19:45:38 +0000"
    },
    "done": true
  },
  "minecraft:adventure/root": {
    "criteria": {
      "killed_by_something": "2024-07-07 19:35:45 +0000"
    },
    "done": true
  },
  "minecraft:recipes/transportation/jungle_boat": {
    "criteria": {
      "in_water": "2024-07-07 19:36:52 +0000"
    },
    "done": true
  },
  "immersivepetroleum:recipes/immersivepetroleum/petcoke_items_to_block": {
    "criteria": {
      "has_the_recipe": "2024-07-07 19:31:45 +0000"
    },
    "done": true
  },
  "sophisticatedbackpacks:recipes/sophisticatedbackpacks/netherite_backpack": {
    "criteria": {
      "has_diamond_backpack": "2024-07-07 20:00:39 +0000"
    },
    "done": true
  },
  "minecraft:recipes/building_blocks/birch_stairs": {
    "criteria": {
      "has_planks": "2024-07-07 19:49:33 +0000"
    },
    "done": true
  },
  "farmersdelight:recipes/farmersdelight/onion_crate": {
    "criteria": {
      "has_onion": "2024-07-07 19:44:42 +0000"
    },
    "done": true
  },
  "farmersdelight:main/root": {
    "criteria": {
      "seeds": "2024-07-07 19:35:18 +0000"
    },
    "done": true
  },
  "immersivepetroleum:recipes/building_blocks/weathered_cut_copper_paraffin_waxed": {
    "criteria": {
      "has_the_recipe": "2024-07-07 19:31:45 +0000"
    },
    "done": true
  },
  "botania:recipes/botania/petal_light_blue": {
    "criteria": {
      "has_item": "2024-07-07 19:45:09 +0000"
    },
    "done": true
  },
  "immersivepetroleum:recipes/immersivepetroleum/upgrade_icebreaker": {
    "criteria": {
      "has_the_recipe": "2024-07-07 19:31:45 +0000"
    },
    "done": true
  },
  "botania:recipes/botania/lexicon": {
    "criteria": {
      "has_item": "2024-07-07 19:50:40 +0000"
    },
    "done": true
  },
  "chiselsandbits:recipes/chiselsandbits/modification_table": {
    "criteria": {
      "has_b": "2024-07-07 19:49:26 +0000"
    },
    "done": true
  },
  "minecraft:recipes/decorations/spruce_fence": {
    "criteria": {
      "has_planks": "2024-07-07 19:56:24 +0000"
    },
    "done": true
  },
  "minecraft:recipes/food/pumpkin_pie": {
    "criteria": {
      "has_pumpkin": "2024-07-07 19:45:38 +0000"
    },
    "done": true
  },
  "minecraft:recipes/transportation/carrot_on_a_stick": {
    "criteria": {
      "has_carrot": "2024-07-07 19:42:39 +0000"
    },
    "done": true
  },
  "minecraft:recipes/transportation/dark_oak_boat": {
    "criteria": {
      "in_water": "2024-07-07 19:36:52 +0000"
    },
    "done": true
  },
  "minecraft:recipes/food/baked_potato_from_smoking": {
    "criteria": {
      "has_potato": "2024-07-07 19:42:40 +0000"
    },
    "done": true
  },
  "farmersdelight:recipes/farmersdelight/cooking/pumpkin_soup": {
    "criteria": {
      "has_any_ingredient": "2024-07-07 19:45:38 +0000"
    },
    "done": true
  },
  "minecraft:adventure/kill_all_mobs": {
    "criteria": {
      "minecraft:spider": "2024-07-07 19:43:25 +0000"
    },
    "done": false
  },
  "minecraft:story/enter_the_nether": {
    "criteria": {
      "entered_nether": "2024-07-07 20:00:25 +0000"
    },
    "done": true
  },
  "immersivepetroleum:recipes/building_blocks/weathered_cut_copper_stairs_paraffin_waxed": {
    "criteria": {
      "has_the_recipe": "2024-07-07 19:31:45 +0000"
    },
    "done": true
  },
  "dungeons_arise:wda_root": {
    "criteria": {
      "WDA": "2024-07-07 19:31:45 +0000"
    },
    "done": true
  },
  "minecraft:recipes/building_blocks/birch_wood": {
    "criteria": {
      "has_log": "2024-07-07 19:49:26 +0000"
    },
    "done": true
  },
  "indreb:recipes/sawing/pumpkin_pumpkin_seeds": {
    "criteria": {
      "item": "2024-07-07 19:45:38 +0000"
    },
    "done": true
  },
  "indreb:recipes/canning/potato": {
    "criteria": {
      "potato": "2024-07-07 19:42:40 +0000"
    },
    "done": true
  },
  "chiselsandbits:recipes/chiselsandbits/chisel_gold": {
    "criteria": {
      "has_rod": "2024-07-07 19:49:52 +0000"
    },
    "done": true
  },
  "minecraft:recipes/redstone/birch_trapdoor": {
    "criteria": {
      "has_planks": "2024-07-07 19:49:33 +0000"
    },
    "done": true
  },
  "minecraft:recipes/food/baked_potato": {
    "criteria": {
      "has_potato": "2024-07-07 19:42:40 +0000"
    },
    "done": true
  },
  "immersivepetroleum:recipes/immersivepetroleum/oil_can": {
    "criteria": {
      "has_the_recipe": "2024-07-07 19:31:45 +0000"
    },
    "done": true
  },
  "botania:recipes/botania/fel_pumpkin": {
    "criteria": {
      "has_item": "2024-07-07 19:45:38 +0000"
    },
    "done": true
  },
  "minecraft:recipes/building_blocks/spruce_stairs": {
    "criteria": {
      "has_planks": "2024-07-07 19:56:24 +0000"
    },
    "done": true
  },
  "immersivepetroleum:recipes/building_blocks/oxidized_cut_copper_paraffin_waxed": {
    "criteria": {
      "has_the_recipe": "2024-07-07 19:31:45 +0000"
    },
    "done": true
  },
  "minecraft:recipes/misc/iron_nugget_from_smelting": {
    "criteria": {
      "has_iron_horse_armor": "2024-07-07 19:41:28 +0000"
    },
    "done": true
  },
  "minecraft:nether/explore_nether": {
    "criteria": {
      "minecraft:nether_wastes": "2024-07-07 20:00:25 +0000"
    },
    "done": false
  },
  "minecraft:recipes/redstone/spruce_trapdoor": {
    "criteria": {
      "has_planks": "2024-07-07 19:56:24 +0000"
    },
    "done": true
  },
  "farmersdelight:recipes/farmersdelight/cooking/dumplings": {
    "criteria": {
      "has_any_ingredient": "2024-07-07 19:44:42 +0000"
    },
    "done": true
  },
  "farmersdelight:recipes/farmersdelight/barbecue_stick": {
    "criteria": {
      "has_onion": "2024-07-07 19:44:42 +0000"
    },
    "done": true
  },
  "immersivepetroleum:recipes/decorations/candle": {
    "criteria": {
      "has_the_recipe": "2024-07-07 19:31:45 +0000"
    },
    "done": true
  },
  "minecraft:recipes/redstone/birch_door": {
    "criteria": {
      "has_planks": "2024-07-07 19:49:33 +0000"
    },
    "done": true
  },
  "botania:recipes/botania/light_blue_shiny_flower": {
    "criteria": {
      "has_item": "2024-07-07 19:45:09 +0000"
    },
    "done": true
  },
  "chiselsandbits:recipes/chiselsandbits/chiseled_printer": {
    "criteria": {
      "has_l": "2024-07-07 19:49:26 +0000"
    },
    "done": true
  },
  "botania:recipes/botania/petal_black_double": {
    "criteria": {
      "has_item": "2024-07-07 19:45:55 +0000"
    },
    "done": true
  },
  "immersivepetroleum:recipes/immersivepetroleum/asphalt_slab": {
    "criteria": {
      "has_the_recipe": "2024-07-07 19:31:45 +0000"
    },
    "done": true
  },
  "indreb:recipes/sawing/planks_stick": {
    "criteria": {
      "item": "2024-07-07 19:49:52 +0000"
    },
    "done": true
  },
  "farmersdelight:recipes/farmersdelight/fried_egg_from_smoking": {
    "criteria": {
      "fried_egg": "2024-07-07 19:44:03 +0000"
    },
    "done": true
  },
  "indreb:recipes/crushing/bio/sugar_cane": {
    "criteria": {
      "cactus": "2024-07-07 19:38:03 +0000"
    },
    "done": true
  },
  "minecraft:recipes/transportation/oak_boat": {
    "criteria": {
      "in_water": "2024-07-07 19:36:52 +0000"
    },
    "done": true
  },
  "minecraft:recipes/decorations/soul_campfire": {
    "criteria": {
      "has_stick": "2024-07-07 19:49:52 +0000"
    },
    "done": true
  },
  "immersivepetroleum:recipes/immersivepetroleum/upgrade_reinforced_hull": {
    "criteria": {
      "has_the_recipe": "2024-07-07 19:31:45 +0000"
    },
    "done": true
  },
  "minecraft:recipes/decorations/birch_fence": {
    "criteria": {
      "has_planks": "2024-07-07 19:49:33 +0000"
    },
    "done": true
  },
  "minecraft:recipes/food/baked_potato_from_campfire_cooking": {
    "criteria": {
      "has_potato": "2024-07-07 19:42:40 +0000"
    },
    "done": true
  },
  "farmersdelight:recipes/farmersdelight/cooking/stuffed_pumpkin_block": {
    "criteria": {
      "has_pumpkin": "2024-07-07 19:45:38 +0000"
    },
    "done": true
  },
  "immersivepetroleum:recipes/immersivepetroleum/upgrade_tank": {
    "criteria": {
      "has_the_recipe": "2024-07-07 19:31:45 +0000"
    },
    "done": true
  },
  "DataVersion": 2975
}